,model_name,precision,recall,f1_score,roc_auc,coverage,max_depth,learning_rate,n_estimators,subsample,colsample_bytree,Test_Year
0,XG Boost Classifier,0.5842696629213483,0.2713248638838475,0.370565453137103,0.5669260774003468,0.2409085559609274,3,0.03,150,0.8,0.8,2019
1,XG Boost Classifier,0.6142139267767408,0.2714294778250111,0.37648508316465723,0.5886788952734485,0.2632076184717708,3,0.03,150,0.8,0.8,2020
2,XG Boost Classifier,0.555992141453831,0.1542549567350276,0.24150621366472877,0.5256610768269347,0.15345191438046427,3,0.03,150,0.8,0.8,2021
3,XG Boost Classifier,0.4758494590888313,0.22581344902386116,0.3062815672044329,0.5145820564728844,0.2473243895085921,3,0.03,150,0.8,0.8,2022
4,XG Boost Classifier,0.7342657342657343,0.06903765690376569,0.12620881822652025,0.5110412859660486,0.059540482228699045,3,0.03,150,0.8,0.8,2023
5,XG Boost Classifier,0.6736242884250474,0.07596291012838802,0.1365297096339978,0.5193954927770656,0.059507678410117434,3,0.03,150,0.8,0.8,2024
6,XG Boost Classifier,0.5779508321881204,0.286222020568663,0.3828452940878977,0.5706930542850494,0.2569142050135342,3,0.03,150,0.8,1.0,2019
7,XG Boost Classifier,0.6298957452803606,0.2836748937250175,0.39118071656677894,0.5896031744295355,0.26823369359836746,3,0.03,150,0.8,1.0,2020
8,XG Boost Classifier,0.5628553379658876,0.18212168699325476,0.27519818799547,0.5202565870400752,0.1789644256858607,3,0.03,150,0.8,1.0,2021
9,XG Boost Classifier,0.48680057388809184,0.2453362255965293,0.32625000000000004,0.5101786107963182,0.26266204401567683,3,0.03,150,0.8,1.0,2022
10,XG Boost Classifier,0.7300257731958762,0.06772265391512254,0.12394705174488568,0.5209022321638708,0.0587455997577501,3,0.03,150,0.8,1.0,2023
11,XG Boost Classifier,0.6047582501918649,0.05620542082738944,0.10285192194739932,0.5188159407959029,0.04904396266184884,3,0.03,150,0.8,1.0,2024
12,XG Boost Classifier,0.5923704814259537,0.2689050211736237,0.36989649971394395,0.5644567613886055,0.2354948805460751,3,0.03,150,1.0,0.8,2019
13,XG Boost Classifier,0.6178057553956835,0.26153162870376245,0.36749431640886193,0.5876956567272364,0.2521351371778399,3,0.03,150,1.0,0.8,2020
14,XG Boost Classifier,0.5723814229249012,0.15786604892007902,0.24747663551401866,0.5262694953041244,0.1525474826650588,3,0.03,150,1.0,0.8,2021
15,XG Boost Classifier,0.4826271186440678,0.24707158351409977,0.32682926829268294,0.5116748920665238,0.26680735604461864,3,0.03,150,1.0,0.8,2022
16,XG Boost Classifier,0.7376543209876543,0.07142857142857142,0.1302452316076294,0.5081059534919129,0.061319504901775235,3,0.03,150,1.0,0.8,2023
17,XG Boost Classifier,0.6658163265306123,0.05584878744650499,0.10305343511450381,0.5190843707950343,0.044263775971093045,3,0.03,150,1.0,0.8,2024
18,XG Boost Classifier,0.5743789716926632,0.30074107683000606,0.39477863807822117,0.5671286278962179,0.27162527951041543,3,0.03,150,1.0,1.0,2019
19,XG Boost Classifier,0.6390761727155357,0.2826597297125817,0.3919584726376913,0.5854863960842142,0.2634343587030459,3,0.03,150,1.0,1.0,2020
20,XG Boost Classifier,0.5698808234019501,0.1791919329563262,0.27265187642546135,0.5210639546478255,0.1739146819415134,3,0.03,150,1.0,1.0,2021
21,XG Boost Classifier,0.48264626717665393,0.24634851771511207,0.32620039255110345,0.5068113896578031,0.2660159782936388,3,0.03,150,1.0,1.0,2022
22,XG Boost Classifier,0.7408111533586819,0.0698744769874477,0.12770373607166266,0.5000105985941625,0.05972973995987736,3,0.03,150,1.0,1.0,2023
23,XG Boost Classifier,0.6337662337662338,0.0522111269614836,0.09647446457990118,0.5184041497482762,0.04347335140018067,3,0.03,150,1.0,1.0,2024
24,XG Boost Classifier,0.5823139277818717,0.2987749546279492,0.3949222849717627,0.5624264912611119,0.26617237456357146,3,0.03,250,0.8,0.8,2019
25,XG Boost Classifier,0.614771296684851,0.2788528646659476,0.38367525098210387,0.5904516346796262,0.27016098556420526,3,0.03,250,0.8,0.8,2020
26,XG Boost Classifier,0.5667681600695955,0.17755672140083123,0.27040207522697796,0.5275048724238126,0.17327404280976785,3,0.03,250,0.8,0.8,2021
27,XG Boost Classifier,0.5012651484884805,0.27216196673897325,0.35278129246918793,0.5069510860156934,0.2829740729574917,3,0.03,250,0.8,0.8,2022
28,XG Boost Classifier,0.7115808014090709,0.09659294680215182,0.1700963107204884,0.5239880640581993,0.08596086150119232,3,0.03,250,0.8,0.8,2023
29,XG Boost Classifier,0.6179176755447942,0.09101283880171183,0.1586571339757538,0.5229951565162387,0.07772508280638361,3,0.03,250,0.8,0.8,2024
30,XG Boost Classifier,0.5838954468802698,0.31420145190562615,0.4085545722713865,0.5675082509544762,0.27915734965281863,3,0.03,250,0.8,1.0,2019
31,XG Boost Classifier,0.6322783943005891,0.2928113698369393,0.4002601908065915,0.5935456300647733,0.27582949134608115,3,0.03,250,0.8,1.0,2020
32,XG Boost Classifier,0.570655217472466,0.20828507188117462,0.3051811919736448,0.5232704411513119,0.20187669580946638,3,0.03,250,0.8,1.0,2021
33,XG Boost Classifier,0.49926470588235294,0.29457700650759217,0.3705320600272851,0.5020466899281475,0.30750678323786557,3,0.03,250,0.8,1.0,2022
34,XG Boost Classifier,0.6976744186046512,0.08248655110579797,0.1475304682488775,0.5352565165160089,0.07487035845414285,3,0.03,250,0.8,1.0,2023
35,XG Boost Classifier,0.6075870646766169,0.06968616262482168,0.12503199385717942,0.5176277360271792,0.06052393857271906,3,0.03,250,0.8,1.0,2024
36,XG Boost Classifier,0.5972153157633019,0.272459165154265,0.37420158903255957,0.5642814303012262,0.23667176650582558,3,0.03,250,1.0,0.8,2019
37,XG Boost Classifier,0.6243618831537152,0.2793604466721655,0.3860079779073335,0.5896821654266133,0.26649535182525885,3,0.03,250,1.0,0.8,2020
38,XG Boost Classifier,0.5681211041852182,0.1738774954009675,0.26626323751891073,0.5265689474132256,0.1692794694000603,3,0.03,250,1.0,0.8,2021
39,XG Boost Classifier,0.5031756318859365,0.2806941431670282,0.3603620329542817,0.5087957175793536,0.29073711184805545,3,0.03,250,1.0,0.8,2022
40,XG Boost Classifier,0.7078464106844741,0.1013747758517633,0.1773502039109066,0.525675791472228,0.0906923047806503,3,0.03,250,1.0,0.8,2023
41,XG Boost Classifier,0.6450549450549451,0.08373751783166905,0.14823232323232324,0.5187652822576427,0.06850346281240591,3,0.03,250,1.0,0.8,2024
42,XG Boost Classifier,0.5807165583068198,0.3174531155474894,0.41050212682736026,0.5653678517968151,0.28359028676787884,3,0.03,250,1.0,1.0,2019
43,XG Boost Classifier,0.6383246953354812,0.28913140029185963,0.3979912663755458,0.5901671455427309,0.2697830851787469,3,0.03,250,1.0,1.0,2020
44,XG Boost Classifier,0.5706608280254777,0.19533964706683926,0.29105121567433123,0.5221870336357725,0.18932770575821525,3,0.03,250,1.0,1.0,2021
45,XG Boost Classifier,0.5049130763416477,0.2898047722342733,0.3682469680264609,0.5069326793076279,0.2991407898703648,3,0.03,250,1.0,1.0,2022
46,XG Boost Classifier,0.6905231984205331,0.08362223550508069,0.1491789294092557,0.5322942156167385,0.07668723267345472,3,0.03,250,1.0,1.0,2023
47,XG Boost Classifier,0.618020304568528,0.06947218259629101,0.12490382149269043,0.5198297908357158,0.059319482083709726,3,0.03,250,1.0,1.0,2024
48,XG Boost Classifier,0.5837977436455076,0.3247882637628554,0.41737524901608275,0.5599644370460422,0.2886116668628143,3,0.03,350,0.8,0.8,2019
49,XG Boost Classifier,0.6207531143827859,0.27821838715817526,0.3842278203723987,0.5914616017989159,0.2669488322878089,3,0.03,350,0.8,0.8,2020
50,XG Boost Classifier,0.5779100800656949,0.19179668869660013,0.28800900347861674,0.5295190111757094,0.18356195357250527,3,0.03,350,0.8,0.8,2021
51,XG Boost Classifier,0.5152909000497266,0.29971077368040494,0.378988753771601,0.5060234607706928,0.30313536328007235,3,0.03,350,0.8,0.8,2022
52,XG Boost Classifier,0.7052091554853985,0.10681410639569636,0.18552740863787376,0.5290397130803863,0.09591581816117188,3,0.03,350,0.8,0.8,2023
53,XG Boost Classifier,0.6094548551959114,0.10206847360912981,0.17485337243401758,0.5232193199796092,0.08837699488105992,3,0.03,350,0.8,0.8,2024
54,XG Boost Classifier,0.5882505848713283,0.34225650332728375,0.4327373553877044,0.5654661018098469,0.3018320191440116,3,0.03,350,0.8,1.0,2019
55,XG Boost Classifier,0.6332213825916597,0.2871010722669881,0.39507574103985676,0.5928520004697541,0.27004761544856776,3,0.03,350,0.8,1.0,2020
56,XG Boost Classifier,0.5772664835164835,0.22906588539892347,0.3279840007804497,0.5254563536442711,0.21947542960506483,3,0.03,350,0.8,1.0,2021
57,XG Boost Classifier,0.509929906542056,0.3156182212581345,0.38990620812862886,0.49864165095737073,0.3225806451612903,3,0.03,350,0.8,1.0,2022
58,XG Boost Classifier,0.6944922547332186,0.09647340107591154,0.16941324656240161,0.5382846792262681,0.0879669934516825,3,0.03,350,0.8,1.0,2023
59,XG Boost Classifier,0.5953488372093023,0.08216833095577745,0.14440614227514886,0.5165047444631445,0.07283197831978319,3,0.03,350,0.8,1.0,2024
60,XG Boost Classifier,0.5978126925446704,0.2934815486993345,0.39369040373300873,0.564342178497576,0.25467812169000825,3,0.03,350,1.0,0.8,2019
61,XG Boost Classifier,0.6286038914926857,0.28081974494004186,0.3882115603894395,0.5951584308598665,0.2660796614012546,3,0.03,350,1.0,0.8,2020
62,XG Boost Classifier,0.5780626181971003,0.18743612454861347,0.283082938876312,0.529440814423327,0.17934127223394633,3,0.03,350,1.0,0.8,2021
63,XG Boost Classifier,0.5095179233621755,0.2980477223427332,0.3760948905109489,0.5048591916709375,0.3048688574012662,3,0.03,350,1.0,0.8,2022
64,XG Boost Classifier,0.6974921630094044,0.10639569635385535,0.18462815060678353,0.5354954475706732,0.09659714599341383,3,0.03,350,1.0,0.8,2023
65,XG Boost Classifier,0.6443221610805403,0.09186875891583453,0.16080903926587178,0.519051569505197,0.07524089129780187,3,0.03,350,1.0,0.8,2024
66,XG Boost Classifier,0.5869677419354838,0.3439957652752571,0.43377515018594454,0.5629662930330496,0.30402887293554587,3,0.03,350,1.0,1.0,2019
67,XG Boost Classifier,0.635259217403588,0.28532453524522555,0.39378283712784584,0.5947931245500929,0.26751568286599653,3,0.03,350,1.0,1.0,2020
68,XG Boost Classifier,0.5787950063325493,0.21796007358452,0.31666996634329836,0.5245756124848749,0.20828308712692192,3,0.03,350,1.0,1.0,2021
69,XG Boost Classifier,0.5142221701978228,0.31764280549530005,0.392705493228445,0.505567965169011,0.32194000602954476,3,0.03,350,1.0,1.0,2022
70,XG Boost Classifier,0.6920052424639581,0.09468021518230724,0.16657027183342973,0.5350143898433142,0.08664218933343427,3,0.03,350,1.0,1.0,2023
71,XG Boost Classifier,0.6113847837985769,0.0796718972895863,0.14097305483687764,0.5160219336918842,0.0687669376693767,3,0.03,350,1.0,1.0,2024
72,XG Boost Classifier,0.5879544054220579,0.28864186327888686,0.38719821464800164,0.5640793760486762,0.25467812169000825,3,0.05,150,0.8,0.8,2019
73,XG Boost Classifier,0.6296715741789355,0.28221559545714103,0.3897480832420592,0.5978327437720423,0.2669488322878089,3,0.05,150,0.8,0.8,2020
74,XG Boost Classifier,0.5889990982867448,0.22252503917694352,0.3230145386213035,0.5260954234328719,0.20896141091347603,3,0.05,150,0.8,0.8,2021
75,XG Boost Classifier,0.492317880794702,0.26876355748373104,0.3477081384471469,0.5042094027235213,0.28451914380464277,3,0.05,150,0.8,0.8,2022
76,XG Boost Classifier,0.7048218029350105,0.10047818290496115,0.1758828145435522,0.5459285913857612,0.09027593777205799,3,0.05,150,0.8,0.8,2023
77,XG Boost Classifier,0.6190704360325826,0.09215406562054208,0.16042714347799095,0.5223550894095915,0.07855314664257754,3,0.05,150,0.8,0.8,2024
78,XG Boost Classifier,0.5846944151738672,0.3356775559588627,0.4264988470407379,0.5695676638186121,0.29783060688085994,3,0.05,150,0.8,1.0,2019
79,XG Boost Classifier,0.6287481511362109,0.29668168263435063,0.4031382015691008,0.5992135846656398,0.281044516665407,3,0.05,150,0.8,1.0,2020
80,XG Boost Classifier,0.5678463094034378,0.1913197519929141,0.2862093568443584,0.5203281249602316,0.18635061802833885,3,0.05,150,0.8,1.0,2021
81,XG Boost Classifier,0.5046059365404298,0.285177151120752,0.3644091287073824,0.5058375299717204,0.2945432619837202,3,0.05,150,0.8,1.0,2022
82,XG Boost Classifier,0.6953699697100822,0.09605499103407053,0.1687936557953889,0.5314762607839,0.08747492335061888,3,0.05,150,0.8,1.0,2023
83,XG Boost Classifier,0.6046931407942239,0.0716833095577746,0.12817242698635378,0.5176351483626697,0.06255645889792232,3,0.05,150,0.8,1.0,2024
84,XG Boost Classifier,0.5800053966540745,0.3250907441016334,0.41665051366543904,0.5653107714858809,0.2907692911223569,3,0.05,150,1.0,0.8,2019
85,XG Boost Classifier,0.6274014864675361,0.28386523697734917,0.39087890966276434,0.5872116608487254,0.26948076487038014,3,0.05,150,1.0,0.8,2020
86,XG Boost Classifier,0.5661466125240436,0.18048647543775975,0.2737135771853689,0.5219381633721563,0.17632649984926138,3,0.05,150,1.0,0.8,2021
87,XG Boost Classifier,0.4885887913571911,0.2616052060737527,0.3407581822462915,0.5083645925843474,0.2790548688574013,3,0.05,150,1.0,0.8,2022
88,XG Boost Classifier,0.71923828125,0.0880454273759713,0.15688571732878898,0.5267955995722807,0.07751996669063932,3,0.05,150,1.0,0.8,2023
89,XG Boost Classifier,0.655050206733609,0.07910128388017118,0.14115700375485266,0.5201760816211823,0.0637232761216501,3,0.05,150,1.0,0.8,2024
90,XG Boost Classifier,0.5950447350309704,0.3269056261343013,0.4219825272097223,0.5639340753878552,0.28500254991957946,3,0.05,150,1.0,1.0,2019
91,XG Boost Classifier,0.6352759009009009,0.28633969925766134,0.3947518040673519,0.5920749359855715,0.2684604338296425,3,0.05,150,1.0,1.0,2020
92,XG Boost Classifier,0.5659888357256778,0.1934319002520951,0.288325801046057,0.5196959581801895,0.18902622851974676,3,0.05,150,1.0,1.0,2021
93,XG Boost Classifier,0.5084597067301667,0.2933477946493131,0.37204823696639006,0.5050597249163148,0.30068586071751585,3,0.05,150,1.0,1.0,2022
94,XG Boost Classifier,0.7014150943396227,0.08888224745965331,0.15777188328912464,0.5350616270001839,0.0802452780196071,3,0.05,150,1.0,1.0,2023
95,XG Boost Classifier,0.6034188034188034,0.07553495007132667,0.1342630744849445,0.5166038332915726,0.06605691056910569,3,0.05,150,1.0,1.0,2024
96,XG Boost Classifier,0.5856664434025453,0.33061101028433154,0.42264005026825857,0.5588264617256958,0.2928484563179161,3,0.05,250,0.8,0.8,2019
97,XG Boost Classifier,0.6309734513274337,0.2714294778250111,0.3795749966727297,0.59953150527088,0.25621646134079057,3,0.05,250,0.8,0.8,2020
98,XG Boost Classifier,0.596650145274312,0.23785514750970907,0.3401208106001559,0.5293845217243195,0.22049291528489598,3,0.05,250,0.8,0.8,2021
99,XG Boost Classifier,0.5109103707179727,0.31489515545914676,0.3896394381318779,0.5013303932678966,0.3212239975881821,3,0.05,250,0.8,0.8,2022
100,XG Boost Classifier,0.7142857142857143,0.11835026897788405,0.20305609681058354,0.5385238755542439,0.10492448616525984,3,0.05,250,0.8,0.8,2023
101,XG Boost Classifier,0.5972161809482384,0.09793152639087019,0.1682701145903548,0.5203256499322204,0.08653267088226438,3,0.05,250,0.8,0.8,2024
102,XG Boost Classifier,0.5835922933499068,0.35503629764065336,0.4414876110771545,0.5601355516063218,0.3156015848730925,3,0.05,250,0.8,1.0,2019
103,XG Boost Classifier,0.6327439600485896,0.29744305564367746,0.404661199827363,0.6043926014479641,0.2799863955861235,3,0.05,250,0.8,1.0,2020
104,XG Boost Classifier,0.5828714464509208,0.22211623628806976,0.321657622101628,0.5270742114441679,0.210770274344287,3,0.05,250,0.8,1.0,2021
105,XG Boost Classifier,0.5172257479601088,0.33000723065798987,0.4029310497042465,0.5067359389424255,0.33252939403075066,3,0.05,250,0.8,1.0,2022
106,XG Boost Classifier,0.6982562547384382,0.11010161386730424,0.19021065675340768,0.5352731022671183,0.09985237896968091,3,0.05,250,0.8,1.0,2023
107,XG Boost Classifier,0.600390815828041,0.087660485021398,0.15298437791747058,0.5171267212648082,0.07704757603131587,3,0.05,250,0.8,1.0,2024
108,XG Boost Classifier,0.5939132706374086,0.3438445251058681,0.4355363984674329,0.5615272829522949,0.3003412969283277,3,0.05,250,1.0,0.8,2019
109,XG Boost Classifier,0.6297229219143576,0.28551487849755725,0.3928930021390841,0.5983208337232485,0.27004761544856776,3,0.05,250,1.0,0.8,2020
110,XG Boost Classifier,0.579262405869859,0.20440144443687402,0.3021756647864625,0.527244902191378,0.19516882725354237,3,0.05,250,1.0,0.8,2021
111,XG Boost Classifier,0.5057499690861877,0.2957339117859725,0.37322626271843773,0.5003845974806626,0.3047558034368405,3,0.05,250,1.0,0.8,2022
112,XG Boost Classifier,0.7000808407437349,0.10352659892408847,0.18037908769006458,0.5362731178750596,0.09364472538703206,3,0.05,250,1.0,0.8,2023
113,XG Boost Classifier,0.6356911696717522,0.09807417974322397,0.16993140950380028,0.5191586902585086,0.08141373080397471,3,0.05,250,1.0,0.8,2024
114,XG Boost Classifier,0.591205011669328,0.36395946763460374,0.4505499648958577,0.55836698664436,0.3193676199442941,3,0.05,250,1.0,1.0,2019
115,XG Boost Classifier,0.636039886039886,0.28329420722035403,0.3919933277731443,0.5954153909894861,0.265286070591792,3,0.05,250,1.0,1.0,2020
116,XG Boost Classifier,0.5786391042204996,0.2288614839544866,0.327995312957719,0.5215849292712802,0.21875942116370214,3,0.05,250,1.0,1.0,2021
117,XG Boost Classifier,0.5201648841354723,0.33759942154736083,0.4094536525475752,0.5003469702882896,0.3382574615616521,3,0.05,250,1.0,1.0,2022
118,XG Boost Classifier,0.6880943324457969,0.1081291093843395,0.18688981868898188,0.5391817348590784,0.09951171505355993,3,0.05,250,1.0,1.0,2023
119,XG Boost Classifier,0.5943238731218697,0.07617689015691868,0.13504457229563127,0.5089837477723204,0.06763775971093045,3,0.05,250,1.0,1.0,2024
120,XG Boost Classifier,0.5826387998461341,0.34361766485178463,0.4322884459877277,0.5573196050115226,0.30595112000313834,3,0.05,350,0.8,0.8,2019
121,XG Boost Classifier,0.6311752071187481,0.2610240466975446,0.36931639660667,0.5968287472989571,0.24631547124178066,3,0.05,350,0.8,0.8,2020
122,XG Boost Classifier,0.6001689189189189,0.24207944402807113,0.3450016992765937,0.5324574665080704,0.22309315646668676,3,0.05,350,0.8,0.8,2021
123,XG Boost Classifier,0.5148806155935273,0.3289949385394071,0.4014646843428773,0.5039005803305843,0.33301929454326196,3,0.05,350,0.8,0.8,2022
124,XG Boost Classifier,0.7086725663716814,0.1196652719665272,0.20475581692661723,0.5328213722933871,0.10693061811575003,3,0.05,350,0.8,0.8,2023
125,XG Boost Classifier,0.598256735340729,0.10770328102710414,0.18254352030947776,0.5229808235377577,0.09500150557061127,3,0.05,350,0.8,0.8,2024
126,XG Boost Classifier,0.5776306107431936,0.3561705989110708,0.4406399101880438,0.554297560243446,0.31987760386018593,3,0.05,350,0.8,1.0,2019
127,XG Boost Classifier,0.6355804731300424,0.294905145612588,0.4028776978417266,0.6011087371418621,0.27635855188572295,3,0.05,350,0.8,1.0,2020
128,XG Boost Classifier,0.5912274849899933,0.2415343735095728,0.34295941566294197,0.5298483820672236,0.22595719023213748,3,0.05,350,0.8,1.0,2021
129,XG Boost Classifier,0.5198671831765357,0.3396240057845264,0.4108462715941395,0.5073064245414882,0.34048085619535723,3,0.05,350,0.8,1.0,2022
130,XG Boost Classifier,0.6964722319245547,0.11918708906156605,0.2035420813555862,0.5335331869559314,0.10836897687270525,3,0.05,350,0.8,1.0,2023
131,XG Boost Classifier,0.5945831570038087,0.10021398002853067,0.1715192577671977,0.5158527658925247,0.08894158386028304,3,0.05,350,0.8,1.0,2024
132,XG Boost Classifier,0.5842326928138984,0.3356775559588627,0.42637594851599275,0.5539878088612266,0.29806598407281,3,0.05,350,1.0,0.8,2019
133,XG Boost Classifier,0.6326931165007711,0.28633969925766134,0.39425176902245135,0.5974872704429575,0.2695563449474718,3,0.05,350,1.0,0.8,2020
134,XG Boost Classifier,0.5827142598296793,0.21911834843632896,0.3184789067142008,0.5289226061740888,0.20798160988845343,3,0.05,350,1.0,0.8,2021
135,XG Boost Classifier,0.5240215608155613,0.323355025307303,0.3999284564478626,0.5080123014514012,0.3216008441362677,3,0.05,350,1.0,0.8,2022
136,XG Boost Classifier,0.7004203286205579,0.10956365809922296,0.1894867421305629,0.5406651709775945,0.09905749649873197,3,0.05,350,1.0,0.8,2023
137,XG Boost Classifier,0.6290109890109891,0.10206847360912981,0.17563669837373427,0.5236975065676475,0.08562932851550738,3,0.05,350,1.0,0.8,2024
138,XG Boost Classifier,0.5802498512790006,0.3687991530550514,0.4509686069628739,0.5543912577634031,0.32972421639009847,3,0.05,350,1.0,1.0,2019
139,XG Boost Classifier,0.6383487885133114,0.27079500031723874,0.380273533211565,0.5954564058307161,0.25266419771748166,3,0.05,350,1.0,1.0,2020
140,XG Boost Classifier,0.5794531897265949,0.2382639503985828,0.3376786404016994,0.5281047935646241,0.2274268917696714,3,0.05,350,1.0,1.0,2021
141,XG Boost Classifier,0.5234401349072513,0.3366594360086768,0.4097689768976898,0.5049797756686367,0.33520500452215857,3,0.05,350,1.0,1.0,2022
142,XG Boost Classifier,0.6864290610006853,0.11972504482964734,0.2038884364820847,0.5396809607236952,0.11045081191566676,3,0.05,350,1.0,1.0,2023
143,XG Boost Classifier,0.6015511391177897,0.08851640513552068,0.15432444195734626,0.5093916706494707,0.07764980427582054,3,0.05,350,1.0,1.0,2024
144,XG Boost Classifier,0.5902968484372957,0.3413490623109498,0.4325619280341143,0.5669826090695969,0.2999882311404025,3,0.1,150,0.8,0.8,2019
145,XG Boost Classifier,0.6229330441854161,0.2916058625721718,0.3972513937508103,0.5883316520954143,0.2788149043912025,3,0.1,150,0.8,0.8,2020
146,XG Boost Classifier,0.5977374812843121,0.2448047966205628,0.3473511214230472,0.5319883003570898,0.2265224600542659,3,0.1,150,0.8,0.8,2021
147,XG Boost Classifier,0.5216075535649437,0.3115690527838033,0.39011362093160107,0.5076590400467825,0.3113129333735303,3,0.1,150,0.8,0.8,2022
148,XG Boost Classifier,0.6986256544502618,0.12761506276150628,0.21580915799049832,0.5253398474999256,0.11567432529618835,3,0.1,150,0.8,0.8,2023
149,XG Boost Classifier,0.6188204683434518,0.10178316690442225,0.17481318142839644,0.5264216478622233,0.08679614573923516,3,0.1,150,0.8,0.8,2024
150,XG Boost Classifier,0.58375,0.353145795523291,0.44006784771956275,0.5556502393976412,0.3138362559334667,3,0.1,150,0.8,1.0,2019
151,XG Boost Classifier,0.6460517584605175,0.30886365078357975,0.41792582417582425,0.6023522413144752,0.28474794044289925,3,0.1,150,0.8,1.0,2020
152,XG Boost Classifier,0.5992865636147443,0.24037609865776385,0.343123905854892,0.5275781080876469,0.22184956285800422,3,0.1,150,0.8,1.0,2021
153,XG Boost Classifier,0.5191006080073419,0.3271872740419378,0.40138377611212134,0.5065267187779381,0.32849713596623453,3,0.1,150,0.8,1.0,2022
154,XG Boost Classifier,0.6895179124281291,0.09318589360430364,0.1641830340687694,0.5345278631673374,0.08558234603883569,3,0.1,150,0.8,1.0,2023
155,XG Boost Classifier,0.6075022872827082,0.09472182596291012,0.16388991731457483,0.5232103160383386,0.08227943390545017,3,0.1,150,0.8,1.0,2024
156,XG Boost Classifier,0.5948161861941286,0.34013914095583786,0.4327913018377754,0.5660746255760922,0.2966537209211094,3,0.1,150,1.0,0.8,2019
157,XG Boost Classifier,0.6501868352974993,0.2870376245162109,0.39825696553545487,0.6024547769352645,0.26294308820194995,3,0.1,150,1.0,0.8,2020
158,XG Boost Classifier,0.6032408150168458,0.25618314369421546,0.35963653754184605,0.5337951018032319,0.23488845342176665,3,0.1,150,1.0,0.8,2021
159,XG Boost Classifier,0.5156629291411398,0.3225596529284165,0.39686846670521775,0.5019944489078838,0.32600994874886946,3,0.1,150,1.0,0.8,2022
160,XG Boost Classifier,0.711352657004831,0.10561864913329348,0.18392838555220153,0.5377490029579208,0.09402324084938869,3,0.1,150,1.0,0.8,2023
161,XG Boost Classifier,0.6089775561097257,0.08708987161198288,0.15238689547581905,0.5339827103864101,0.07546672688949112,3,0.1,150,1.0,0.8,2024
162,XG Boost Classifier,0.5825318720644151,0.3939050211736237,0.4699990977172246,0.5523098314222603,0.3507904750696324,3,0.1,150,1.0,1.0,2019
163,XG Boost Classifier,0.6427313372171792,0.3009961296872026,0.409990493475067,0.596733969960748,0.27892827450684,3,0.1,150,1.0,1.0,2020
164,XG Boost Classifier,0.5852785823820071,0.23403965388022074,0.3343716538498978,0.5254457391554554,0.22117123907145012,3,0.1,150,1.0,1.0,2021
165,XG Boost Classifier,0.5137246392535532,0.3423716558206797,0.41089946630797936,0.49961979008215046,0.3473394633705155,3,0.1,150,1.0,1.0,2022
166,XG Boost Classifier,0.6990106544901066,0.10980274955170352,0.18979233391879324,0.5280281025610781,0.09947386350732428,3,0.1,150,1.0,1.0,2023
167,XG Boost Classifier,0.5835095137420718,0.07874465049928674,0.138763197586727,0.5150316223646988,0.07121348991267691,3,0.1,150,1.0,1.0,2024
168,XG Boost Classifier,0.5796080440630204,0.3421808832425892,0.4303171508725215,0.5533153221049436,0.30626495625907185,3,0.1,250,0.8,0.8,2019
169,XG Boost Classifier,0.6276698360203941,0.2890045047903052,0.39577721782952474,0.5850557358044433,0.2742423097271559,3,0.1,250,0.8,0.8,2020
170,XG Boost Classifier,0.5911620294599018,0.24609933910199633,0.34752489536729686,0.5342915927221733,0.23025324088031354,3,0.1,250,0.8,0.8,2021
171,XG Boost Classifier,0.5254020041948264,0.3260303687635575,0.4023737283598073,0.5139227924384595,0.3234097075670787,3,0.1,250,0.8,0.8,2022
172,XG Boost Classifier,0.7010665897953301,0.1453676031081889,0.2408040001980296,0.5284855293717088,0.13130701389151747,3,0.1,250,0.8,0.8,2023
173,XG Boost Classifier,0.5822043207616258,0.11340941512125535,0.18983941257238374,0.5254667213421147,0.1027928334838904,3,0.1,250,0.8,0.8,2024
174,XG Boost Classifier,0.5691027496382055,0.35685117967332125,0.4386503067484662,0.5444042746264046,0.32529127927503826,3,0.1,250,0.8,1.0,2019
175,XG Boost Classifier,0.6470436686847868,0.3186980521540511,0.4270532222411154,0.5996282866591555,0.2933640692313506,3,0.1,250,0.8,1.0,2020
176,XG Boost Classifier,0.5905486324648002,0.2486202902500511,0.3499232834675873,0.5315669238234132,0.23285348206210432,3,0.1,250,0.8,1.0,2021
177,XG Boost Classifier,0.531809247956967,0.3717281272595806,0.4375877771630421,0.5127184974981787,0.3642975580343684,3,0.1,250,0.8,1.0,2022
178,XG Boost Classifier,0.6925953627524308,0.11069934249850567,0.19088847660276234,0.5338324059974718,0.1012150346341648,3,0.1,250,0.8,1.0,2023
179,XG Boost Classifier,0.5909090909090909,0.10663338088445079,0.18066465256797584,0.5168133255602338,0.09522734116230051,3,0.1,250,0.8,1.0,2024
180,XG Boost Classifier,0.5871756109851348,0.35246521476104054,0.44050656837728003,0.558332998600261,0.31140402494998237,3,0.1,250,1.0,0.8,2019
181,XG Boost Classifier,0.6557589736197204,0.28862381828564176,0.4008282668076482,0.6023248931460368,0.26214949739248733,3,0.1,250,1.0,0.8,2020
182,XG Boost Classifier,0.5952851961754039,0.24603120528718403,0.3481656462421058,0.53654379765313,0.2285951160687368,3,0.1,250,1.0,0.8,2021
183,XG Boost Classifier,0.5293797012972855,0.35112075198843096,0.4222057992435769,0.5090723901200053,0.3456813385589388,3,0.1,250,1.0,0.8,2022
184,XG Boost Classifier,0.6932258064516129,0.1284518828451883,0.21674230963187094,0.5346287842394586,0.11733979333055755,3,0.1,250,1.0,0.8,2023
185,XG Boost Classifier,0.6184049079754601,0.10784593437945791,0.18366231399939267,0.5304364478633148,0.09202800361336946,3,0.1,250,1.0,0.8,2024
186,XG Boost Classifier,0.5678298800436204,0.39375378100423475,0.46503527730642136,0.5451681564569257,0.3597348083637362,3,0.1,250,1.0,1.0,2019
187,XG Boost Classifier,0.647689977278465,0.3255504092379925,0.43330659122577375,0.5936162669004788,0.29937268536013906,3,0.1,250,1.0,1.0,2020
188,XG Boost Classifier,0.5765297569153395,0.2343121891394699,0.3332041468849917,0.5325407134015456,0.22478896593307204,3,0.1,250,1.0,1.0,2021
189,XG Boost Classifier,0.5278506241476975,0.3638467100506146,0.4307665967555536,0.5107518194158817,0.3592478142900211,3,0.1,250,1.0,1.0,2022
190,XG Boost Classifier,0.6792920353982301,0.11470412432755529,0.19626693940168755,0.5277295035187888,0.10693061811575003,3,0.1,250,1.0,1.0,2023
191,XG Boost Classifier,0.6,0.09950071326676177,0.17069440195778526,0.5272640421693677,0.08751129177958446,3,0.1,250,1.0,1.0,2024
192,XG Boost Classifier,0.5753853866399298,0.3471718088324259,0.43305192661415837,0.5509945585347908,0.31301243576164134,3,0.1,350,0.8,0.8,2019
193,XG Boost Classifier,0.6368058370490475,0.2990292494131083,0.4069596753302823,0.5861382963763675,0.2796840752777568,3,0.1,350,0.8,0.8,2020
194,XG Boost Classifier,0.5881093544137023,0.24330585269469238,0.3442093594872042,0.5360659187160659,0.22882122399758817,3,0.1,350,0.8,0.8,2021
195,XG Boost Classifier,0.530053428317008,0.3443239334779465,0.41746296133952837,0.5189316648757899,0.3385589388001206,3,0.1,350,0.8,0.8,2022
196,XG Boost Classifier,0.7006507592190889,0.1544530783024507,0.25311000097952785,0.5303035090662089,0.13959650251712782,3,0.1,350,0.8,0.8,2023
197,XG Boost Classifier,0.5874269005847953,0.14329529243937233,0.23038990825688077,0.524867987669148,0.12872628726287264,3,0.1,350,0.8,0.8,2024
198,XG Boost Classifier,0.5659629068004199,0.36690865093768904,0.4451988805798963,0.5441650298650943,0.33631477776470126,3,0.1,350,0.8,1.0,2019
199,XG Boost Classifier,0.6533437826541275,0.3173656493877292,0.4272110005551522,0.5945461698479508,0.28932053510694583,3,0.1,350,0.8,1.0,2020
200,XG Boost Classifier,0.5931154822335025,0.2547523335831573,0.3564177112625709,0.5337421701196274,0.23756406391317456,3,0.1,350,0.8,1.0,2021
201,XG Boost Classifier,0.5337429492344883,0.3831525668835864,0.4460813199764289,0.5177065702700338,0.3741332529394031,3,0.1,350,0.8,1.0,2022
202,XG Boost Classifier,0.6860043509789703,0.11309025702331142,0.19417077175697867,0.5303474333912596,0.10439456451796056,3,0.1,350,0.8,1.0,2023
203,XG Boost Classifier,0.6015350175887432,0.13416547788873037,0.219396979063393,0.5162355072925103,0.11769798253538091,3,0.1,350,0.8,1.0,2024
204,XG Boost Classifier,0.5835946318826037,0.3518602540834846,0.43902439024390244,0.5501967657165869,0.3127770585696913,3,0.1,350,1.0,0.8,2019
205,XG Boost Classifier,0.6616031466160315,0.3094981282913521,0.4217169534019193,0.6006809258149224,0.2786259541984733,3,0.1,350,1.0,0.8,2020
206,XG Boost Classifier,0.6002937816223274,0.25059617087960756,0.3535858488752163,0.5365036464460454,0.2308938800120591,3,0.1,350,1.0,0.8,2021
207,XG Boost Classifier,0.5312942200936105,0.35292841648590023,0.42412130164660905,0.5120416519134156,0.34620892372625867,3,0.1,350,1.0,0.8,2022
208,XG Boost Classifier,0.7002154509079717,0.13598326359832635,0.2277391260823865,0.5305224459161698,0.12297967371967145,3,0.1,350,1.0,0.8,2023
209,XG Boost Classifier,0.6189604685212299,0.12061340941512126,0.2018863419293219,0.5275422179117495,0.10283047274917194,3,0.1,350,1.0,0.8,2024
210,XG Boost Classifier,0.5643619386393953,0.3839231699939504,0.456975697569757,0.5409086873576336,0.35290886979718333,3,0.1,350,1.0,1.0,2019
211,XG Boost Classifier,0.6493288590604027,0.31920563416026904,0.4280062954613127,0.5898930324047011,0.29279721865316305,3,0.1,350,1.0,1.0,2020
212,XG Boost Classifier,0.5730392969656773,0.23547046399127888,0.3337840448135986,0.5346456570225806,0.22727615315043714,3,0.1,350,1.0,1.0,2021
213,XG Boost Classifier,0.5260416666666666,0.36514822848879247,0.43107127614169866,0.510298352564061,0.36177268616219477,3,0.1,350,1.0,1.0,2022
214,XG Boost Classifier,0.6852358168147642,0.11984459055588763,0.20400895400895402,0.5242815982309849,0.11075362428555206,3,0.1,350,1.0,1.0,2023
215,XG Boost Classifier,0.5992156862745098,0.10898716119828816,0.18442969221484612,0.529257110612509,0.09598012646793135,3,0.1,350,1.0,1.0,2024
216,XG Boost Classifier,0.5936367297623842,0.33439201451905626,0.427804382527935,0.5650417490430579,0.2922207838060492,4,0.03,150,0.8,0.8,2019
217,XG Boost Classifier,0.6063492063492063,0.2423704079690375,0.3463124971669462,0.586716319556598,0.2380772428387877,4,0.03,150,0.8,0.8,2020
218,XG Boost Classifier,0.6032781401572169,0.24575867002793486,0.3492447714949652,0.5372913190780662,0.22531655110039192,4,0.03,150,0.8,0.8,2021
219,XG Boost Classifier,0.5022258195062728,0.26919739696312367,0.3505154639175258,0.5103510374622747,0.27935634609586973,4,0.03,150,0.8,0.8,2022
220,XG Boost Classifier,0.7239685658153242,0.08810520023909145,0.1570926143024619,0.5479031625328962,0.07706574813581135,4,0.03,150,0.8,0.8,2023
221,XG Boost Classifier,0.6075544174135723,0.06768901569186876,0.1218072134514183,0.5332358692691391,0.05879253236976814,4,0.03,150,0.8,0.8,2024
222,XG Boost Classifier,0.5832554413139271,0.33030852994555354,0.4217641094964515,0.5532653772181584,0.29378996508571653,4,0.03,150,0.8,1.0,2019
223,XG Boost Classifier,0.6079771174320674,0.2427510944737009,0.346966536682688,0.5922923754177978,0.23781271256896683,4,0.03,150,0.8,1.0,2020
224,XG Boost Classifier,0.6073148974130241,0.23192750562103973,0.3356670939749532,0.5399638750021021,0.21122249020198974,4,0.03,150,0.8,1.0,2021
225,XG Boost Classifier,0.5102657765461645,0.29291395516992047,0.3721806238228674,0.5138960886271754,0.2991784745251734,4,0.03,150,0.8,1.0,2022
226,XG Boost Classifier,0.7431941923774955,0.09790794979079498,0.17302207668744057,0.5555855053922353,0.08342480790340286,4,0.03,150,0.8,1.0,2023
227,XG Boost Classifier,0.5989544436146378,0.057203994293865905,0.10443388241421966,0.5291409205484037,0.050398976211984345,4,0.03,150,0.8,1.0,2024
228,XG Boost Classifier,0.5855411499436303,0.31420145190562615,0.4089566929133858,0.5646855049015032,0.27837275901298497,4,0.03,150,1.0,0.8,2019
229,XG Boost Classifier,0.6136583790765257,0.24116490070427005,0.3462537007515372,0.5955521792648162,0.23407149875292874,4,0.03,150,1.0,0.8,2020
230,XG Boost Classifier,0.5981490501704823,0.2510049737684813,0.35361873680168937,0.5379852682156075,0.23209978896593308,4,0.03,150,1.0,0.8,2021
231,XG Boost Classifier,0.5116797900262468,0.2819233550253073,0.3635431235431235,0.5104852564800775,0.2871570696412421,4,0.03,150,1.0,0.8,2022
232,XG Boost Classifier,0.7342627798901563,0.10388523610280932,0.1820181180290098,0.5471857832999594,0.08959460993981604,4,0.03,150,1.0,0.8,2023
233,XG Boost Classifier,0.5974542561654733,0.053566333808844506,0.0983177325391111,0.5348921056125931,0.047312556458897925,4,0.03,150,1.0,0.8,2024
234,XG Boost Classifier,0.5899532710280374,0.3436932849364791,0.43434633027522934,0.5662120017550616,0.30222431446392845,4,0.03,150,1.0,1.0,2019
235,XG Boost Classifier,0.6074542656864421,0.22542985851151576,0.3288292457195742,0.5903587072337865,0.22103393545461417,4,0.03,150,1.0,1.0,2020
236,XG Boost Classifier,0.6005256241787122,0.24909722695373715,0.35213098964603906,0.5395971135323943,0.22942417847452518,4,0.03,150,1.0,1.0,2021
237,XG Boost Classifier,0.5133260313983206,0.3049891540130152,0.38263709348210645,0.5098610075870122,0.3096548085619536,4,0.03,150,1.0,1.0,2022
238,XG Boost Classifier,0.7495462794918331,0.09874476987447699,0.17450089785570932,0.5459059691245308,0.08342480790340286,4,0.03,150,1.0,1.0,2023
239,XG Boost Classifier,0.5929339477726574,0.0550641940085592,0.1007701344472001,0.5295560823897005,0.0490063233965673,4,0.03,150,1.0,1.0,2024
240,XG Boost Classifier,0.5856558900037161,0.35753176043557167,0.4440061980560642,0.5606041162625237,0.3167000117688596,4,0.03,250,0.8,0.8,2019
241,XG Boost Classifier,0.6131064902331443,0.2469386460249984,0.3520738160929938,0.5904816806077698,0.239891164688988,4,0.03,250,0.8,0.8,2020
242,XG Boost Classifier,0.6082574772431729,0.2549567350275942,0.3593067358010466,0.5383167533868967,0.23183599638227315,4,0.03,250,0.8,0.8,2021
243,XG Boost Classifier,0.524434280211844,0.31503976861894434,0.3936218267232813,0.5109906456705567,0.3130841121495327,4,0.03,250,0.8,0.8,2022
244,XG Boost Classifier,0.7252906976744186,0.11930663478780634,0.20490709372754337,0.5550920816101621,0.10416745524054657,4,0.03,250,0.8,0.8,2023
245,XG Boost Classifier,0.6220071319409067,0.08708987161198288,0.15278733654507914,0.5322511200357247,0.07388587774766636,4,0.03,250,0.8,0.8,2024
246,XG Boost Classifier,0.5815257128930051,0.36085904416212944,0.44535697620158654,0.5509800102833945,0.32191753952375346,4,0.03,250,0.8,1.0,2019
247,XG Boost Classifier,0.6126574405224693,0.24998413806230568,0.35508291276135545,0.5906553985453478,0.24302773788829266,4,0.03,250,0.8,1.0,2020
248,XG Boost Classifier,0.6114671163575042,0.2470532125093684,0.35191925074003977,0.5435489782073658,0.22347000301477238,4,0.03,250,0.8,1.0,2021
249,XG Boost Classifier,0.5183179723502304,0.3253073029645698,0.39973345179920033,0.5128952946547193,0.32710280373831774,4,0.03,250,0.8,1.0,2022
250,XG Boost Classifier,0.7212863705972435,0.11261207411835027,0.19480922345155618,0.5539128306963418,0.09886823876755366,4,0.03,250,0.8,1.0,2023
251,XG Boost Classifier,0.5808080808080808,0.06562054208273894,0.1179184824403999,0.527829875077136,0.05962059620596206,4,0.03,250,0.8,1.0,2024
252,XG Boost Classifier,0.585428097486283,0.3469449485783424,0.4356868144912397,0.5596270963845327,0.3074418422188223,4,0.03,250,1.0,0.8,2019
253,XG Boost Classifier,0.6157011712567269,0.24681175052344395,0.35237103129670727,0.6002538467370457,0.2387574635326128,4,0.03,250,1.0,0.8,2020
254,XG Boost Classifier,0.6031042128603105,0.2594535668052054,0.3628221618789005,0.5397586979387261,0.23794091046126017,4,0.03,250,1.0,0.8,2021
255,XG Boost Classifier,0.5234494979326639,0.32039045553145334,0.3974882260596546,0.5120619991648265,0.31900060295447696,4,0.03,250,1.0,0.8,2022
256,XG Boost Classifier,0.7186567164179104,0.11512253436939629,0.19845440494590413,0.551277531591121,0.10144214391157878,4,0.03,250,1.0,0.8,2023
257,XG Boost Classifier,0.602091020910209,0.06982881597717547,0.12514380672376327,0.5323891776263883,0.06120144534778681,4,0.03,250,1.0,0.8,2024
258,XG Boost Classifier,0.5856147934678194,0.3687991530550514,0.45257980697847067,0.5592114571572984,0.3267035424267388,4,0.03,250,1.0,1.0,2019
259,XG Boost Classifier,0.6087396659355492,0.2289194848042637,0.33271855403909995,0.597370481164298,0.22398155846118964,4,0.03,250,1.0,1.0,2020
260,XG Boost Classifier,0.6061961563949636,0.24930162839817402,0.35330468787717856,0.5406354432242542,0.22746457642447995,4,0.03,250,1.0,1.0,2021
261,XG Boost Classifier,0.5206009560664694,0.3307302964569776,0.40449239476476834,0.5056700827058436,0.33109737714802534,4,0.03,250,1.0,1.0,2022
262,XG Boost Classifier,0.7307538891104907,0.10950388523610281,0.19046628892238918,0.5567265476954937,0.09489382641280897,4,0.03,250,1.0,1.0,2023
263,XG Boost Classifier,0.5910693301997649,0.0717546362339515,0.12797354026205318,0.5309032487857185,0.06406202950918398,4,0.03,250,1.0,1.0,2024
264,XG Boost Classifier,0.5792784239259435,0.3691016333938294,0.45090069284064666,0.5551759756488902,0.33054803656192383,4,0.03,350,0.8,0.8,2019
265,XG Boost Classifier,0.6114938928906984,0.24776346678510247,0.35264369892084707,0.5875546795129359,0.2413271861537299,4,0.03,350,0.8,0.8,2020
266,XG Boost Classifier,0.606358941252421,0.25597874224977857,0.3599865855411297,0.5383149062647563,0.23349412119384985,4,0.03,350,0.8,0.8,2021
267,XG Boost Classifier,0.5274221961244862,0.3247288503253796,0.40196912060863726,0.5124449235670624,0.32088483569490506,4,0.03,350,0.8,0.8,2022
268,XG Boost Classifier,0.7259185700099305,0.1310818888224746,0.22206470558452734,0.5556992151056247,0.11434952117794012,4,0.03,350,0.8,0.8,2023
269,XG Boost Classifier,0.6128431828757561,0.09393723252496433,0.16290432308738945,0.5335042850575048,0.08088678109003312,4,0.03,350,0.8,0.8,2024
270,XG Boost Classifier,0.5780251006393559,0.36917725347852387,0.45057683433317947,0.5484916952416516,0.3313326272017575,4,0.03,350,0.8,1.0,2019
271,XG Boost Classifier,0.6130731102850062,0.2511261975762959,0.35630373137687354,0.5877479932655143,0.24397248885193862,4,0.03,350,0.8,1.0,2020
272,XG Boost Classifier,0.6108486724222186,0.25550180554609253,0.36029976940814756,0.5430137896486851,0.23134609586976182,4,0.03,350,0.8,1.0,2021
273,XG Boost Classifier,0.5241998006423746,0.34222704266088216,0.4141038540618575,0.5160623183016911,0.34025474826650587,4,0.03,350,0.8,1.0,2022
274,XG Boost Classifier,0.7152364273204904,0.12205618649133293,0.20852693387796786,0.5543803039624985,0.10806616450281994,4,0.03,350,0.8,1.0,2023
275,XG Boost Classifier,0.5825242718446602,0.07275320970042796,0.12935134106905077,0.5276757394259396,0.06590635350797952,4,0.03,350,0.8,1.0,2024
276,XG Boost Classifier,0.5791486736582356,0.35496067755595884,0.440151905855877,0.5549166129984139,0.31795535679259346,4,0.03,350,1.0,0.8,2019
277,XG Boost Classifier,0.6244615384615385,0.2575344204047966,0.36467364449036427,0.5994446818769442,0.24563525054795557,4,0.03,350,1.0,0.8,2020
278,XG Boost Classifier,0.6071313326879638,0.2563875451386523,0.3605269461077844,0.5412828580981077,0.23356949050346698,4,0.03,350,1.0,0.8,2021
279,XG Boost Classifier,0.5254813137032842,0.33550253073029646,0.4095322153574581,0.5115880058031921,0.3327555019596021,4,0.03,350,1.0,0.8,2022
280,XG Boost Classifier,0.7124833997343958,0.12827256425582786,0.21740451828588794,0.5511386054902815,0.11400885726181914,4,0.03,350,1.0,0.8,2023
281,XG Boost Classifier,0.6084828711256117,0.07981455064194008,0.14111860773062615,0.5333658096703239,0.0692186088527552,4,0.03,350,1.0,0.8,2024
282,XG Boost Classifier,0.5814953059608642,0.3887628554143981,0.4659868570133696,0.5524843919454765,0.3468282923384724,4,0.03,350,1.0,1.0,2019
283,XG Boost Classifier,0.6164701975759588,0.23558149863587335,0.3408923980903415,0.596164816777262,0.2276094021615902,4,0.03,350,1.0,1.0,2020
284,XG Boost Classifier,0.608513490866432,0.24739388158342987,0.3517729122263127,0.5441992657439569,0.22486433524268917,4,0.03,350,1.0,1.0,2021
285,XG Boost Classifier,0.5204092981870759,0.3383224873463485,0.41006090881205903,0.5081882791409573,0.33882273138378055,4,0.03,350,1.0,1.0,2022
286,XG Boost Classifier,0.7262121764491433,0.11906754333532577,0.2045909721152365,0.5528736132452075,0.1038267913244256,4,0.03,350,1.0,1.0,2023
287,XG Boost Classifier,0.578892912571133,0.07981455064194008,0.1402870933366765,0.525165791321383,0.07275669978922011,4,0.03,350,1.0,1.0,2024
288,XG Boost Classifier,0.5861787670434682,0.38036902601330913,0.4613620729190553,0.5599767660726492,0.3366286140206347,4,0.05,150,0.8,0.8,2019
289,XG Boost Classifier,0.6052830188679246,0.25442548061671216,0.35825962655230953,0.5812181400137406,0.2503590053661855,4,0.05,150,0.8,0.8,2020
290,XG Boost Classifier,0.6025730180806675,0.2361518021394018,0.3393215526946987,0.5347936738428023,0.21676213445884834,4,0.05,150,0.8,0.8,2021
291,XG Boost Classifier,0.5213392200147167,0.3073752711496746,0.38673580786026196,0.5096425911819206,0.30728067530901415,4,0.05,150,0.8,0.8,2022
292,XG Boost Classifier,0.7295954577714692,0.12289300657501494,0.21035400040924904,0.5626808385128976,0.10666565729210038,4,0.05,150,0.8,0.8,2023
293,XG Boost Classifier,0.5651282051282052,0.07860199714693296,0.13800876643706952,0.5342207009249959,0.07339656729900633,4,0.05,150,0.8,0.8,2024
294,XG Boost Classifier,0.5832644871946182,0.3737144585601936,0.4555468497949025,0.5520351622852511,0.33239182456553296,4,0.05,150,0.8,1.0,2019
295,XG Boost Classifier,0.624452677669249,0.23526425988198718,0.3417669017005392,0.5907533539037808,0.22439724888519386,4,0.05,150,0.8,1.0,2020
296,XG Boost Classifier,0.6052320675105485,0.24432785991687675,0.3481215415979031,0.5394903194224583,0.22328157974072957,4,0.05,150,0.8,1.0,2021
297,XG Boost Classifier,0.5211947156806434,0.32805495300072307,0.4026625249611715,0.5135973445399996,0.3280449201085318,4,0.05,150,0.8,1.0,2022
298,XG Boost Classifier,0.7263681592039801,0.13090257023311416,0.2218283109648012,0.5443610173589303,0.11412241190052613,4,0.05,150,0.8,1.0,2023
299,XG Boost Classifier,0.5650708024275118,0.05977175463623395,0.1081081081081081,0.5328007356174543,0.055819030412526345,4,0.05,150,0.8,1.0,2024
300,XG Boost Classifier,0.588719587122143,0.36229582577132485,0.4485535062260088,0.5622362759563614,0.319249931348319,4,0.05,150,1.0,0.8,2019
301,XG Boost Classifier,0.6177873519002923,0.25474271937059834,0.3607367475292004,0.5936313002405494,0.24559746050940973,4,0.05,150,1.0,0.8,2020
302,XG Boost Classifier,0.6013201320132013,0.24827962117598965,0.3514491006413657,0.5406316943993815,0.22836900813988545,4,0.05,150,1.0,0.8,2021
303,XG Boost Classifier,0.5161725067385444,0.3046276211135213,0.3831393233903237,0.5093136178682045,0.30758215254748267,4,0.05,150,1.0,0.8,2022
304,XG Boost Classifier,0.7308112040742089,0.1200836820083682,0.20627342266030085,0.5609451243906657,0.10405390060183958,4,0.05,150,1.0,0.8,2023
305,XG Boost Classifier,0.5998911268372347,0.07860199714693296,0.13899224317336192,0.533924855516301,0.06914333032219211,4,0.05,150,1.0,0.8,2024
306,XG Boost Classifier,0.5819073830321886,0.3677404718693285,0.4506742041610676,0.5520084576136202,0.32784119885449764,4,0.05,150,1.0,1.0,2019
307,XG Boost Classifier,0.6239261851734013,0.24884207854831547,0.355785367623713,0.5992224605915265,0.23754818229914595,4,0.05,150,1.0,1.0,2020
308,XG Boost Classifier,0.6102050702405942,0.257477686175649,0.3621466219453761,0.5369502937938253,0.23338106722942417,4,0.05,150,1.0,1.0,2021
309,XG Boost Classifier,0.5148172905525846,0.3341287057122198,0.4052442339735157,0.504490223815782,0.3382574615616521,4,0.05,150,1.0,1.0,2022
310,XG Boost Classifier,0.709466098919096,0.12946802151823072,0.2189758883890209,0.553362289868836,0.11556077065748135,4,0.05,150,1.0,1.0,2023
311,XG Boost Classifier,0.5497382198952879,0.05991440798858773,0.10805248263442242,0.5268036247230038,0.057512797350195724,4,0.05,150,1.0,1.0,2024
312,XG Boost Classifier,0.5777303850039286,0.38921657592256503,0.46509736592418566,0.5513049941779871,0.3494959005139069,4,0.05,250,0.8,0.8,2019
313,XG Boost Classifier,0.614399023794997,0.2555675401307024,0.3609804185150334,0.5822794801856991,0.24775149270652255,4,0.05,250,0.8,0.8,2020
314,XG Boost Classifier,0.5997640714526458,0.24248824691694487,0.34534957061763133,0.5389306126873115,0.22362074163400664,4,0.05,250,0.8,0.8,2021
315,XG Boost Classifier,0.5248020493712157,0.32588575560375993,0.4020876081720046,0.5105623404386811,0.32363581549593007,4,0.05,250,0.8,0.8,2022
316,XG Boost Classifier,0.7130764740221833,0.14602510460251045,0.2424092081762254,0.5581930433369605,0.12967939740338394,4,0.05,250,0.8,0.8,2023
317,XG Boost Classifier,0.5721739130434783,0.09386590584878744,0.16127450980392158,0.5349394899903912,0.08657031014754592,4,0.05,250,0.8,0.8,2024
318,XG Boost Classifier,0.5728492136910268,0.37462189957652753,0.4529992684711046,0.5456842340994147,0.3392569926640775,4,0.05,250,0.8,1.0,2019
319,XG Boost Classifier,0.6298130691803803,0.25011103356386016,0.35803814713896465,0.5887781283620275,0.23652785125840828,4,0.05,250,0.8,1.0,2020
320,XG Boost Classifier,0.6027773292426933,0.25434353069428356,0.3577383804504073,0.5457021768170682,0.23338106722942417,4,0.05,250,0.8,1.0,2021
321,XG Boost Classifier,0.5227724961308866,0.34193781634128706,0.4134464067144606,0.5117769441598125,0.3408953873982514,4,0.05,250,0.8,1.0,2022
322,XG Boost Classifier,0.7182551538691365,0.14369396294082487,0.23947800966279825,0.5459676667614453,0.1266891252507665,4,0.05,250,0.8,1.0,2023
323,XG Boost Classifier,0.5587649402390438,0.08002853067047076,0.14000499126528576,0.5357868722763646,0.07557964468533575,4,0.05,250,0.8,1.0,2024
324,XG Boost Classifier,0.583581405999542,0.3854355716878403,0.4642499316877676,0.5554843276865898,0.3426307324153623,4,0.05,250,1.0,0.8,2019
325,XG Boost Classifier,0.6256692672479731,0.25950130067889093,0.3668490447573774,0.5954384168132544,0.24703348197415162,4,0.05,250,1.0,0.8,2020
326,XG Boost Classifier,0.6140640475404424,0.2534577911017238,0.3588136001929106,0.5416532362502023,0.22829363883026832,4,0.05,250,1.0,0.8,2021
327,XG Boost Classifier,0.5154744360049881,0.32877801879971075,0.40148337821729724,0.5046918269208334,0.332416340066325,4,0.05,250,1.0,0.8,2022
328,XG Boost Classifier,0.717391304347826,0.1341303048416019,0.22600463289354417,0.5542948242647595,0.11839963662515614,4,0.05,250,1.0,0.8,2023
329,XG Boost Classifier,0.584394250513347,0.1014978601997147,0.17295654816165298,0.5344217633673285,0.09165161096055405,4,0.05,250,1.0,0.8,2024
330,XG Boost Classifier,0.5732125096695767,0.3922413793103448,0.46576572531764915,0.5445242298907782,0.35498803499274256,4,0.05,250,1.0,1.0,2019
331,XG Boost Classifier,0.6321488485587922,0.26299092697163884,0.3714490545747827,0.5957610095825551,0.2477892827450684,4,0.05,250,1.0,1.0,2020
332,XG Boost Classifier,0.6145952109464082,0.25706888328677524,0.3625096079938509,0.5439886622206694,0.23134609586976182,4,0.05,250,1.0,1.0,2021
333,XG Boost Classifier,0.5186375321336761,0.3501084598698482,0.41802641802641805,0.5076994130226279,0.3518239372927344,4,0.05,250,1.0,1.0,2022
334,XG Boost Classifier,0.708033760550172,0.13538553496712494,0.22730693963570678,0.5535723277245713,0.12108709640788826,4,0.05,250,1.0,1.0,2023
335,XG Boost Classifier,0.5541436464088397,0.07154065620542083,0.12672141503474416,0.5234741786973116,0.06812707015959049,4,0.05,250,1.0,1.0,2024
336,XG Boost Classifier,0.5726843204043511,0.3941318814277072,0.4669204927211646,0.5489722036423791,0.3570279706563101,4,0.05,350,0.8,0.8,2019
337,XG Boost Classifier,0.6197617997353331,0.2674322695260453,0.3736370889105576,0.579508792031489,0.2570100521502532,4,0.05,350,0.8,0.8,2020
338,XG Boost Classifier,0.6000325839035516,0.250936839953669,0.3538794138842181,0.537260659148667,0.23130841121495327,4,0.05,350,0.8,0.8,2021
339,XG Boost Classifier,0.5306260575296108,0.3401301518438178,0.41454064771976207,0.5131573846665664,0.3340744648779017,4,0.05,350,0.8,0.8,2022
340,XG Boost Classifier,0.7133867276887872,0.14907352062163778,0.2466132700484525,0.5571287051201512,0.1323290056398804,4,0.05,350,0.8,0.8,2023
341,XG Boost Classifier,0.5792474344355758,0.1087018544935806,0.1830520689448081,0.534531123737345,0.09902890695573623,4,0.05,350,0.8,0.8,2024
342,XG Boost Classifier,0.5719808960654992,0.38036902601330913,0.4568989008992642,0.5453153681168709,0.3449845043348633,4,0.05,350,0.8,1.0,2019
343,XG Boost Classifier,0.6317847645862662,0.25626546538925193,0.3646294122957479,0.5852226292993389,0.24159171642355076,4,0.05,350,0.8,1.0,2020
344,XG Boost Classifier,0.5992397950751942,0.2470532125093684,0.34986491702045547,0.5444039084920639,0.22802984624660838,4,0.05,350,0.8,1.0,2021
345,XG Boost Classifier,0.5298547606239914,0.35610990600144615,0.42594594594594604,0.515774844730924,0.35027886644558337,4,0.05,350,0.8,1.0,2022
346,XG Boost Classifier,0.719647426784191,0.15128511655708307,0.2500123475082728,0.5500442667126967,0.1331238881108293,4,0.05,350,0.8,1.0,2023
347,XG Boost Classifier,0.5537363560033586,0.09407988587731812,0.16083404462870385,0.5330244784421545,0.08965672990063234,4,0.05,350,0.8,1.0,2024
348,XG Boost Classifier,0.5745906267645398,0.38475499092558985,0.4608904388785724,0.5489960356508106,0.34737750578635596,4,0.05,350,1.0,0.8,2019
349,XG Boost Classifier,0.6318819188191882,0.2716198210773428,0.3799254526091586,0.5933941730916186,0.2560275111480614,4,0.05,350,1.0,0.8,2020
350,XG Boost Classifier,0.6146848602988954,0.2578183552497104,0.36326981231699706,0.5437998018816436,0.23198673500150738,4,0.05,350,1.0,0.8,2021
351,XG Boost Classifier,0.5212290502793296,0.33731019522776573,0.4095697980684811,0.5096780445104874,0.3372776605366295,4,0.05,350,1.0,0.8,2022
352,XG Boost Classifier,0.7194137002692192,0.14375373580394502,0.23962536740895732,0.5552346413384531,0.12653771906582384,4,0.05,350,1.0,0.8,2023
353,XG Boost Classifier,0.5810035842293907,0.11562054208273895,0.19286139202855443,0.5333402672397054,0.10501355013550136,4,0.05,350,1.0,0.8,2024
354,XG Boost Classifier,0.5652815622161671,0.3765124016938899,0.45197893972403774,0.5385125040494688,0.34553371778274683,4,0.05,350,1.0,1.0,2019
355,XG Boost Classifier,0.6390178170384788,0.27079500031723874,0.3803921568627451,0.5933634808869743,0.2523996674476608,4,0.05,350,1.0,1.0,2020
356,XG Boost Classifier,0.6112282979068635,0.2566600803979015,0.36151631477927065,0.5445304693942978,0.23225052758516732,4,0.05,350,1.0,1.0,2021
357,XG Boost Classifier,0.5207119398241339,0.3553868402024584,0.42245047058317936,0.5093852728580357,0.3557054567380163,4,0.05,350,1.0,1.0,2022
358,XG Boost Classifier,0.7140355996498395,0.14626419605499102,0.24279406657736763,0.5540910635158696,0.12971724894961958,4,0.05,350,1.0,1.0,2023
359,XG Boost Classifier,0.5616438356164384,0.0877318116975749,0.15175817396668723,0.5227615968944588,0.08242999096657633,4,0.05,350,1.0,1.0,2024
360,XG Boost Classifier,0.5692892266428252,0.3852087114337568,0.45949846653436766,0.5484970552859691,0.3510258522615825,4,0.1,150,0.8,0.8,2019
361,XG Boost Classifier,0.6318373071528752,0.2858321172514434,0.39360447337381504,0.5885518130039145,0.2694429748318343,4,0.1,150,0.8,0.8,2020
362,XG Boost Classifier,0.5971040453799075,0.2725352592491654,0.37425149700598803,0.5371957024988425,0.25244950256255655,4,0.1,150,0.8,0.8,2021
363,XG Boost Classifier,0.5255848734109604,0.3557483731019523,0.4243025311543271,0.5106022012476612,0.35276605366294844,4,0.1,150,0.8,0.8,2022
364,XG Boost Classifier,0.7036252976978037,0.15893604303646144,0.2593007947730265,0.5470304256766798,0.14304099322457323,4,0.1,150,0.8,0.8,2023
365,XG Boost Classifier,0.586629746835443,0.1057774607703281,0.17923616146966398,0.5240495669240672,0.09515206263173742,4,0.1,150,0.8,0.8,2024
366,XG Boost Classifier,0.5704363931010533,0.37265577737447064,0.45080730000457386,0.5414754527107609,0.3389039268761524,4,0.1,150,0.8,1.0,2019
367,XG Boost Classifier,0.6172484599589322,0.2860859082545524,0.390965056793549,0.5719281465517464,0.2760562315773562,4,0.1,150,0.8,1.0,2020
368,XG Boost Classifier,0.6015844198712659,0.24834775499080194,0.3515625,0.5389161689390664,0.22833132348507687,4,0.1,150,0.8,1.0,2021
369,XG Boost Classifier,0.5107006082451002,0.32783803326102673,0.3993306323762551,0.5074622968362087,0.334564365390413,4,0.1,150,0.8,1.0,2022
370,XG Boost Classifier,0.7191328934967012,0.13682008368200838,0.22990006528398535,0.5438695337735183,0.12048147166811764,4,0.1,150,0.8,1.0,2023
371,XG Boost Classifier,0.5731667214731996,0.12432239657631955,0.2043256550026376,0.5348194431244222,0.11446100572116832,4,0.1,150,0.8,1.0,2024
372,XG Boost Classifier,0.5807409035945916,0.39950090744101635,0.4733658886250616,0.556626704469435,0.35687105252834334,4,0.1,150,1.0,0.8,2019
373,XG Boost Classifier,0.6318982952903786,0.27752046189962565,0.3856632720539611,0.587011273629492,0.26158264681429977,4,0.1,150,1.0,0.8,2020
374,XG Boost Classifier,0.6155559090186098,0.26367786332356746,0.3692043503148254,0.5404115277818402,0.236923424781429,4,0.1,150,1.0,0.8,2021
375,XG Boost Classifier,0.5410170182411087,0.38387563268257413,0.44909698430825196,0.5224420366531648,0.36979951763641844,4,0.1,150,1.0,0.8,2022
376,XG Boost Classifier,0.7072607260726073,0.12809324566646743,0.21690283400809718,0.5459587369214859,0.11469018509406109,4,0.1,150,1.0,0.8,2023
377,XG Boost Classifier,0.5803503427265804,0.1087018544935806,0.1831070527454043,0.5350088072642707,0.09884071062932852,4,0.1,150,1.0,0.8,2024
378,XG Boost Classifier,0.5734188412206989,0.39216575922565033,0.4657804921860967,0.550054889442906,0.3547918873327841,4,0.1,150,1.0,1.0,2019
379,XG Boost Classifier,0.6082956746287927,0.23913457267939853,0.34330737350275536,0.5843918497513149,0.2341470788300204,4,0.1,150,1.0,1.0,2020
380,XG Boost Classifier,0.6059427504667082,0.26538120869387477,0.369106846718787,0.541220150743207,0.24223696110943624,4,0.1,150,1.0,1.0,2021
381,XG Boost Classifier,0.5267418032786885,0.3717281272595806,0.43586265366680793,0.5099268523282935,0.36780223093156467,4,0.1,150,1.0,1.0,2022
382,XG Boost Classifier,0.7151597552685248,0.12576210400478183,0.21390809272061814,0.5498567770884304,0.11135924902532268,4,0.1,150,1.0,1.0,2023
383,XG Boost Classifier,0.5505518763796909,0.08894436519258203,0.15314706785385326,0.5296901609659137,0.08525293586269196,4,0.1,150,1.0,1.0,2024
384,XG Boost Classifier,0.5648544755628775,0.38891409558378703,0.46065654529983424,0.5459239689395325,0.3571848887842768,4,0.1,250,0.8,0.8,2019
385,XG Boost Classifier,0.6414176511466296,0.2928113698369393,0.4020735319742116,0.5841213682128878,0.27189932733731387,4,0.1,250,0.8,0.8,2020
386,XG Boost Classifier,0.5937363437727604,0.2777134291748995,0.37842354470337014,0.5364056139574593,0.2587051552607778,4,0.1,250,0.8,0.8,2021
387,XG Boost Classifier,0.5236082474226804,0.36724511930585685,0.4317042073948152,0.5115673626331478,0.36554115164305095,4,0.1,250,0.8,0.8,2022
388,XG Boost Classifier,0.7004597701149425,0.1821279139270771,0.2890891840607211,0.5486946116266084,0.16465422612513722,4,0.1,250,0.8,0.8,2023
389,XG Boost Classifier,0.5703637447823494,0.13644793152639087,0.22021411304247726,0.5261410705004054,0.12624209575429088,4,0.1,250,0.8,0.8,2024
390,XG Boost Classifier,0.5598551708531342,0.37416817906836053,0.4485540748798839,0.5371997647769672,0.34671060374249735,4,0.1,250,0.8,1.0,2019
391,XG Boost Classifier,0.6175237562884293,0.2803756106846012,0.38565257232622074,0.564616177186628,0.27042551583402613,4,0.1,250,0.8,1.0,2020
392,XG Boost Classifier,0.5980738362760835,0.2538665939905975,0.3564356435643564,0.5392310702283709,0.23477539945734097,4,0.1,250,0.8,1.0,2021
393,XG Boost Classifier,0.5260519995823326,0.3642805495300072,0.43046951766565555,0.5135588580454415,0.36090593910159785,4,0.1,250,0.8,1.0,2022
394,XG Boost Classifier,0.7044776119402985,0.1551703526598924,0.2543228018613764,0.5464443937477672,0.13948294787842083,4,0.1,250,0.8,1.0,2023
395,XG Boost Classifier,0.568922305764411,0.14572039942938658,0.23201408210777355,0.5265568689840144,0.13516260162601626,4,0.1,250,0.8,1.0,2024
396,XG Boost Classifier,0.5650807899461401,0.38082274652147613,0.4550054210336104,0.5478695448187487,0.34961358910988194,4,0.1,250,1.0,0.8,2019
397,XG Boost Classifier,0.6346806105144149,0.28494384874056217,0.3933091036475894,0.5805075441782905,0.26740231275035903,4,0.1,250,1.0,0.8,2020
398,XG Boost Classifier,0.6073820509004316,0.27805409824896093,0.3814731725556179,0.538522036738794,0.2532031956587278,4,0.1,250,1.0,0.8,2021
399,XG Boost Classifier,0.5466397170288024,0.3911062906724512,0.45597471022128555,0.5245117996985955,0.37288965933072055,4,0.1,250,1.0,0.8,2022
400,XG Boost Classifier,0.7069416206796398,0.14548714883442918,0.2413126456154266,0.5447595720018703,0.13032287368939022,4,0.1,250,1.0,0.8,2023
401,XG Boost Classifier,0.5721666128511462,0.12639087018544937,0.20704562715429106,0.53124086247753,0.11656880457693466,4,0.1,250,1.0,0.8,2024
402,XG Boost Classifier,0.5623564538355535,0.37031155474894134,0.4465621010395769,0.5399573919936583,0.34161076458357853,4,0.1,250,1.0,1.0,2019
403,XG Boost Classifier,0.6238546358130145,0.25486961487215276,0.36189189189189186,0.5800786656057534,0.24333005819665937,4,0.1,250,1.0,1.0,2020
404,XG Boost Classifier,0.5954682779456193,0.2685834979900525,0.37019298492745456,0.5398723318586404,0.24947241483268012,4,0.1,250,1.0,1.0,2021
405,XG Boost Classifier,0.5336258801918563,0.37809110629067244,0.442591730500656,0.5149876300320537,0.36927193246909856,4,0.1,250,1.0,1.0,2022
406,XG Boost Classifier,0.7079502433747972,0.15648535564853555,0.2563148619541805,0.5497658161037804,0.13997501797948447,4,0.1,250,1.0,1.0,2023
407,XG Boost Classifier,0.5508540372670807,0.10121255349500713,0.1710050614605929,0.520892713492315,0.09695874736525142,4,0.1,250,1.0,1.0,2024
408,XG Boost Classifier,0.564371419306021,0.39481246218995764,0.4646051167964405,0.5458515852243224,0.36291240045506257,4,0.1,350,0.8,0.8,2019
409,XG Boost Classifier,0.6447239692522712,0.2926844743353848,0.40260080293244893,0.582258218281738,0.2703877257954803,4,0.1,350,0.8,0.8,2020
410,XG Boost Classifier,0.5963211179238557,0.2849356135450024,0.3856154910096819,0.5363006095164089,0.264282484172445,4,0.1,350,0.8,0.8,2021
411,XG Boost Classifier,0.5271410141907313,0.3840925524222704,0.44438867277366456,0.5120185446516747,0.3797482665058788,4,0.1,350,0.8,0.8,2022
412,XG Boost Classifier,0.7008857597092891,0.1844590555887627,0.2920550797331188,0.5480152466761099,0.1666603580756274,4,0.1,350,0.8,0.8,2023
413,XG Boost Classifier,0.5726332970620239,0.15014265335235377,0.23790687160940327,0.5237814325088663,0.1383619391749473,4,0.1,350,0.8,0.8,2024
414,XG Boost Classifier,0.5602908277404922,0.3787810042347247,0.4519942248691572,0.536507338902404,0.35071201600564905,4,0.1,350,0.8,1.0,2019
415,XG Boost Classifier,0.6205923836389281,0.2791701034198338,0.3851034965647017,0.5615136734824112,0.2679313732900008,4,0.1,350,0.8,1.0,2020
416,XG Boost Classifier,0.5944612446283623,0.25447979832390816,0.35639312977099236,0.536284445043184,0.23677268616219477,4,0.1,350,0.8,1.0,2021
417,XG Boost Classifier,0.5301826846703733,0.38611713665943603,0.44682453351184004,0.5122564461606208,0.379559843231836,4,0.1,350,0.8,1.0,2022
418,XG Boost Classifier,0.7092737978410206,0.17280334728033472,0.27790060559454005,0.5471982727376088,0.15428290245656534,4,0.1,350,0.8,1.0,2023
419,XG Boost Classifier,0.5710292249047014,0.16027104136947218,0.2502923976608187,0.5281442257451784,0.14811050888286661,4,0.1,350,0.8,1.0,2024
420,XG Boost Classifier,0.5644599303135889,0.3797640653357532,0.454048189503187,0.5469152658303346,0.3490251461300067,4,0.1,350,1.0,0.8,2019
421,XG Boost Classifier,0.6355293795370497,0.29439756360637015,0.4023935478275952,0.5760815403147785,0.27590507142317283,4,0.1,350,1.0,0.8,2020
422,XG Boost Classifier,0.6040894947399614,0.2777815629897118,0.3805656678801456,0.5379820192340513,0.25433373530298464,4,0.1,350,1.0,0.8,2021
423,XG Boost Classifier,0.5470956030657523,0.39226319595083153,0.45691906005221933,0.5252502248128001,0.3736810370817003,4,0.1,350,1.0,0.8,2022
424,XG Boost Classifier,0.7025472473294988,0.15331739390316795,0.2517050193807958,0.5480152127458027,0.13819599530640828,4,0.1,350,1.0,0.8,2023
425,XG Boost Classifier,0.559906487434249,0.13666191155492155,0.21969957573672744,0.5293468686520508,0.1288015657934357,4,0.1,350,1.0,0.8,2024
426,XG Boost Classifier,0.5622028985507246,0.36668179068360557,0.44386470776694587,0.5376881606724666,0.3383547134282688,4,0.1,350,1.0,1.0,2019
427,XG Boost Classifier,0.6301577669902912,0.263561956728634,0.3716727061244576,0.5751815024566126,0.2491119340941728,4,0.1,350,1.0,1.0,2020
428,XG Boost Classifier,0.5906880801532342,0.27314846358247596,0.37355572120760344,0.5372378760604944,0.25576575218570996,4,0.1,350,1.0,1.0,2021
429,XG Boost Classifier,0.5364425600646073,0.38423716558206794,0.4477586788001348,0.5150938648214092,0.3733041905336147,4,0.1,350,1.0,1.0,2022
430,XG Boost Classifier,0.7081859525012633,0.1675433353257621,0.27097834493426143,0.5548113638398053,0.14981642000075704,4,0.1,350,1.0,1.0,2023
431,XG Boost Classifier,0.54,0.11747503566333808,0.1929701230228471,0.5207442507788637,0.1147997591087022,4,0.1,350,1.0,1.0,2024
432,XG Boost Classifier,0.5850204943485281,0.3561705989110708,0.4427732079905993,0.5573130274758276,0.3158369620650426,5,0.03,150,0.8,0.8,2019
433,XG Boost Classifier,0.5976116303219107,0.21908508343379227,0.3206276985932494,0.5749308805800143,0.21835084271785957,5,0.03,150,0.8,0.8,2020
434,XG Boost Classifier,0.6058205089136066,0.2709000476936704,0.3743879472693032,0.5366756815994167,0.2473243895085921,5,0.03,150,0.8,0.8,2021
435,XG Boost Classifier,0.5049788399302962,0.2933477946493131,0.3711123307720453,0.5037118269231098,0.3027585167319867,5,0.03,150,0.8,0.8,2022
436,XG Boost Classifier,0.7359640680141162,0.1371189479976091,0.23116843855494532,0.5472579684863943,0.11798326961656384,5,0.03,150,0.8,0.8,2023
437,XG Boost Classifier,0.5541012216404887,0.0905848787446505,0.15571358509073077,0.5409105354980385,0.08626919602529359,5,0.03,150,0.8,0.8,2024
438,XG Boost Classifier,0.578491278746806,0.39375378100423475,0.4685714285714286,0.5473270584012675,0.35310501745714173,5,0.03,150,0.8,1.0,2019
439,XG Boost Classifier,0.6099791432696936,0.24122834845504726,0.3457306538146767,0.5839321070290093,0.23554531025621647,5,0.03,150,0.8,1.0,2020
440,XG Boost Classifier,0.6097904285267438,0.2656537439531239,0.37008210336481423,0.5426190340805985,0.24095568284594512,5,0.03,150,0.8,1.0,2021
441,XG Boost Classifier,0.5143579140822422,0.3237888647866956,0.3974085906993255,0.5128019095629407,0.3280826047633404,5,0.03,150,0.8,1.0,2022
442,XG Boost Classifier,0.7286352040816326,0.1365809922295278,0.23004127655290446,0.5510476537593516,0.11870244899504145,5,0.03,150,0.8,1.0,2023
443,XG Boost Classifier,0.5262550490478938,0.06504992867332382,0.11578746905351361,0.540461233712757,0.06522884673291178,5,0.03,150,0.8,1.0,2024
444,XG Boost Classifier,0.5882133067530526,0.35700241984271025,0.4443294117647059,0.5620802459601355,0.31485622376525046,5,0.03,150,1.0,0.8,2019
445,XG Boost Classifier,0.6145776813166938,0.21559545714104436,0.3192108971348051,0.5816062171941674,0.2089411231199456,5,0.03,150,1.0,0.8,2020
446,XG Boost Classifier,0.5903685215093232,0.2739660693602235,0.3742553983618764,0.5278877409134906,0.25667018390111546,5,0.03,150,1.0,0.8,2021
447,XG Boost Classifier,0.5137026239067055,0.3185104844540853,0.39321580004463286,0.5118604700394335,0.32314591498341877,5,0.03,150,1.0,0.8,2022
448,XG Boost Classifier,0.7402337228714524,0.13251643753735803,0.22479087452471483,0.545618810764939,0.11336538097581286,5,0.03,150,1.0,0.8,2023
449,XG Boost Classifier,0.4747871643745907,0.05171184022824536,0.09326558178426705,0.5322490992648146,0.057475158084914185,5,0.03,150,1.0,0.8,2024
450,XG Boost Classifier,0.5885234429671099,0.3815789473684211,0.4629782548857693,0.5522329599413651,0.33635400729669296,5,0.03,150,1.0,1.0,2019
451,XG Boost Classifier,0.6243002963450773,0.2405938709472749,0.34733226471261736,0.5843241508055739,0.229536694127428,5,0.03,150,1.0,1.0,2020
452,XG Boost Classifier,0.6116222760290557,0.2581590243237719,0.3630701418167881,0.5452471958746863,0.2334564365390413,5,0.03,150,1.0,1.0,2021
453,XG Boost Classifier,0.5138064810588773,0.3255965292841649,0.39860139860139865,0.5086197996425986,0.33026831474223695,5,0.03,150,1.0,1.0,2022
454,XG Boost Classifier,0.7357804232804233,0.1329946204423192,0.22527083122405592,0.549242385591785,0.11446307581664711,5,0.03,150,1.0,1.0,2023
455,XG Boost Classifier,0.4881831610044313,0.047146932952924395,0.08598933263952126,0.5357431201703291,0.05096356519120747,5,0.03,150,1.0,1.0,2024
456,XG Boost Classifier,0.578450786255096,0.37552934059286147,0.45540831766701817,0.5540008745471734,0.33678553214860146,5,0.03,250,0.8,0.8,2019
457,XG Boost Classifier,0.6104108692093633,0.23659666264830911,0.3410150891632373,0.5755536658193507,0.2308593454765324,5,0.03,250,0.8,0.8,2020
458,XG Boost Classifier,0.6023033203709243,0.27437487224909723,0.3770069746758414,0.5353321343643412,0.2519596020500452,5,0.03,250,0.8,0.8,2021
459,XG Boost Classifier,0.519451863895018,0.32342733188720174,0.39864533666057667,0.5037417602310168,0.324502562556527,5,0.03,250,0.8,0.8,2022
460,XG Boost Classifier,0.724108170310702,0.15044829647340108,0.24913392061763834,0.5519877361063565,0.13157197471516713,5,0.03,250,0.8,0.8,2023
461,XG Boost Classifier,0.5516728624535316,0.105848787446505,0.17761819269898266,0.5396994286589993,0.10124962360734718,5,0.03,250,0.8,0.8,2024
462,XG Boost Classifier,0.5773501110288675,0.4128856624319419,0.48146025307526125,0.5446011352764963,0.3709936840453493,5,0.03,250,0.8,1.0,2019
463,XG Boost Classifier,0.6075064579851086,0.25366410760738534,0.35789096768418227,0.5815435669130172,0.24869624367016854,5,0.03,250,0.8,1.0,2020
464,XG Boost Classifier,0.6105565638233514,0.2750562103972201,0.3792568932312462,0.5435975434436089,0.24917093759421163,5,0.03,250,0.8,1.0,2021
465,XG Boost Classifier,0.5238776408450704,0.3442516268980477,0.41548128108910026,0.5124314393516468,0.34247814290021106,5,0.03,250,0.8,1.0,2022
466,XG Boost Classifier,0.7224906065485776,0.16090854751942618,0.2631990614000782,0.55279549950872,0.14103486127408305,5,0.03,250,0.8,1.0,2023
467,XG Boost Classifier,0.5380009212344542,0.0833095577746077,0.14427768513371625,0.5390326851026154,0.08171484492622703,5,0.03,250,0.8,1.0,2024
468,XG Boost Classifier,0.5843607305936073,0.3870992135511192,0.46570232896652114,0.5590606546683539,0.34365070024714606,5,0.03,250,1.0,0.8,2019
469,XG Boost Classifier,0.6151145293429192,0.23342427510944738,0.3384233281206881,0.5835045328677582,0.22602222054266496,5,0.03,250,1.0,0.8,2020
470,XG Boost Classifier,0.593741027849555,0.281801458063637,0.38220209767592295,0.5288450327895204,0.2625113053964426,5,0.03,250,1.0,0.8,2021
471,XG Boost Classifier,0.5221831759279596,0.3438177874186551,0.4146320195326125,0.5123430535775482,0.34315646668676514,5,0.03,250,1.0,0.8,2022
472,XG Boost Classifier,0.7248028045574058,0.1482964734010759,0.2462164442018558,0.5448699843063075,0.12956584276467695,5,0.03,250,1.0,0.8,2023
473,XG Boost Classifier,0.49349973998959956,0.06768901569186876,0.11904911246314999,0.5289670120375419,0.0723803071364047,5,0.03,250,1.0,0.8,2024
474,XG Boost Classifier,0.5845275414240931,0.39481246218995764,0.47129445748330023,0.5509014558903675,0.3503981797497156,5,0.03,250,1.0,1.0,2019
475,XG Boost Classifier,0.626360338573156,0.2629274792208616,0.37038030120212717,0.5829730356664407,0.25001889501927294,5,0.03,250,1.0,1.0,2020
476,XG Boost Classifier,0.6109811261893621,0.2668801526197452,0.37149089529590285,0.5471226166156433,0.24159632197769068,5,0.03,250,1.0,1.0,2021
477,XG Boost Classifier,0.5297657425317,0.35647143890093996,0.4261756569847856,0.513869430341835,0.35069339764847757,5,0.03,250,1.0,1.0,2022
478,XG Boost Classifier,0.7167098073051481,0.1489539748953975,0.24664720146483893,0.5499548325918739,0.13160982626140277,5,0.03,250,1.0,1.0,2023
479,XG Boost Classifier,0.5367298578199052,0.06462196861626249,0.11535523300229185,0.531526271499752,0.0635350797952424,5,0.03,250,1.0,1.0,2024
480,XG Boost Classifier,0.5775321863962629,0.38331820931639443,0.46079723648925053,0.5517234536700578,0.34431760229100467,5,0.03,350,0.8,0.8,2019
481,XG Boost Classifier,0.6103309120258272,0.23989594568872533,0.344416104937147,0.5743466525524623,0.23410928879147458,5,0.03,350,0.8,0.8,2020
482,XG Boost Classifier,0.6026686434395849,0.2769639572119643,0.37951638502474094,0.5363751321331498,0.2541829966837504,5,0.03,350,0.8,0.8,2021
483,XG Boost Classifier,0.5287187039764359,0.33745480838756325,0.41196981065454386,0.5089893479535349,0.33264244799517634,5,0.03,350,0.8,0.8,2022
484,XG Boost Classifier,0.7244897959183674,0.15702331141661685,0.2581057182157595,0.5559716538810071,0.13724970665051667,5,0.03,350,0.8,0.8,2023
485,XG Boost Classifier,0.5463815789473684,0.11847360912981456,0.19472450175849942,0.5366799450168415,0.11442336645588679,5,0.03,350,0.8,0.8,2024
486,XG Boost Classifier,0.5687123692827717,0.4071385359951603,0.47454938081177556,0.5426377408715763,0.3713859793652662,5,0.03,350,0.8,1.0,2019
487,XG Boost Classifier,0.6160820451843044,0.26299092697163884,0.36862466094535107,0.5819476023796991,0.2542513793364069,5,0.03,350,0.8,1.0,2020
488,XG Boost Classifier,0.6096014492753623,0.2751243442120324,0.3791371297122201,0.5436637267204224,0.24962315345191438,5,0.03,350,0.8,1.0,2021
489,XG Boost Classifier,0.5281544971248779,0.3519884309472162,0.42244109862454987,0.5148808773850899,0.3473394633705155,5,0.03,350,0.8,1.0,2022
490,XG Boost Classifier,0.7166451612903226,0.16598924088463837,0.26954622664401845,0.552949361113906,0.14667474166319694,5,0.03,350,0.8,1.0,2023
491,XG Boost Classifier,0.548215641609719,0.10299572039942939,0.1734117929626516,0.5362113961702326,0.09914182475158084,5,0.03,350,0.8,1.0,2024
492,XG Boost Classifier,0.5817645724654117,0.3879310344827586,0.4654750022683967,0.5567551914202206,0.3459260131026637,5,0.03,350,1.0,0.8,2019
493,XG Boost Classifier,0.6254185935257535,0.24884207854831547,0.35602759622367464,0.5834535244573351,0.23698133172095837,5,0.03,350,1.0,0.8,2020
494,XG Boost Classifier,0.5976646965547067,0.2824827962117599,0.3836402331821968,0.5307347708815621,0.2614184504069943,5,0.03,350,1.0,0.8,2021
495,XG Boost Classifier,0.5269506628993696,0.35061460592913957,0.42106634248002783,0.5145525983420134,0.3467741935483871,5,0.03,350,1.0,0.8,2022
496,XG Boost Classifier,0.7145993413830956,0.15564853556485356,0.25561990772553256,0.5489281107475359,0.13793103448275862,5,0.03,350,1.0,0.8,2023
497,XG Boost Classifier,0.5118421052631579,0.08323823109843081,0.14319018404907977,0.5281462863062332,0.08581752484191509,5,0.03,350,1.0,0.8,2024
498,XG Boost Classifier,0.5788943598925694,0.3911826981246219,0.46687725631768956,0.548148744873036,0.3505550978776823,5,0.03,350,1.0,1.0,2019
499,XG Boost Classifier,0.6297884505431676,0.27955078992449717,0.3872215142593487,0.5803059592723309,0.26437910966669187,5,0.03,350,1.0,1.0,2020
500,XG Boost Classifier,0.6075718412650144,0.2722627239899162,0.37602333678366423,0.545075979430195,0.24785197467591197,5,0.03,350,1.0,1.0,2021
501,XG Boost Classifier,0.531939852831396,0.36066522053506866,0.4298702977549877,0.5139505461918175,0.3533690081398854,5,0.03,350,1.0,1.0,2022
502,XG Boost Classifier,0.7108953613807982,0.15756126718469815,0.2579508758195518,0.5505962326131081,0.1403535334418411,5,0.03,350,1.0,1.0,2023
503,XG Boost Classifier,0.5456273764258555,0.0818830242510699,0.14239642768543787,0.5292594099144308,0.07919301415236375,5,0.03,350,1.0,1.0,2024
504,XG Boost Classifier,0.5909719023491479,0.3880822746521476,0.4685046558334855,0.5531608024144772,0.3406692558157781,5,0.05,150,0.8,0.8,2019
505,XG Boost Classifier,0.6105527638190955,0.2621026584607576,0.366759888134239,0.5739660846306429,0.2556874008011488,5,0.05,150,0.8,0.8,2020
506,XG Boost Classifier,0.6151945645460161,0.2714451182121687,0.37668415827542195,0.5390026705594234,0.2440458245402472,5,0.05,150,0.8,0.8,2021
507,XG Boost Classifier,0.5180070702607159,0.33904555314533624,0.4098417970457128,0.5039733279430616,0.3411214953271028,5,0.05,150,0.8,0.8,2022
508,XG Boost Classifier,0.7301933024775388,0.16031081888822474,0.26290251433612705,0.5526979776364729,0.13902872932359286,5,0.05,150,0.8,0.8,2023
509,XG Boost Classifier,0.5799915576192486,0.09800285306704708,0.1676734395021051,0.5330652803931903,0.08916741945197229,5,0.05,150,0.8,0.8,2024
510,XG Boost Classifier,0.5808587908566546,0.411222020568663,0.4815372354555919,0.5504378074335252,0.3672668785061394,5,0.05,150,0.8,1.0,2019
511,XG Boost Classifier,0.6228781159198654,0.25842268891567793,0.3652914798206278,0.5824356063583433,0.2471090620512433,5,0.05,150,0.8,1.0,2020
512,XG Boost Classifier,0.6099185788304959,0.2807113170266403,0.3844718178424785,0.5431443004621832,0.254559843231836,5,0.05,150,0.8,1.0,2021
513,XG Boost Classifier,0.5259895606785558,0.3497469269703543,0.42013376183444795,0.5084087726672251,0.3465480856195357,5,0.05,150,0.8,1.0,2022
514,XG Boost Classifier,0.7096415671019728,0.1526598924088464,0.25126666338727927,0.5428339838801428,0.13622771490215374,5,0.05,150,0.8,1.0,2023
515,XG Boost Classifier,0.5229357798165137,0.06911554921540657,0.12209412209412211,0.5389105776755917,0.06974555856669677,5,0.05,150,0.8,1.0,2024
516,XG Boost Classifier,0.5929162833486661,0.3898971566848155,0.47043795620437956,0.5637782272447718,0.3411400101996783,5,0.05,150,1.0,0.8,2019
517,XG Boost Classifier,0.6166094286606306,0.25061861557007803,0.35638561826137954,0.5798810265439336,0.24208298692464666,5,0.05,150,1.0,0.8,2020
518,XG Boost Classifier,0.5957159976033553,0.2709681815084827,0.37250035123870184,0.5337719653775426,0.2515827555019596,5,0.05,150,1.0,0.8,2021
519,XG Boost Classifier,0.5174563591022444,0.33007953723788863,0.4030549178880452,0.5035459303846862,0.33245402472113356,5,0.05,150,1.0,0.8,2022
520,XG Boost Classifier,0.7163759144625774,0.15218170950388524,0.2510352987576415,0.542699184938497,0.1345243953215489,5,0.05,150,1.0,0.8,2023
521,XG Boost Classifier,0.541491395793499,0.10099857346647646,0.1702434625788999,0.5348223307520519,0.09842667871123156,5,0.05,150,1.0,0.8,2024
522,XG Boost Classifier,0.5856602981314297,0.4218844525105868,0.49046153846153845,0.5525860355230818,0.3737005217527755,5,0.05,150,1.0,1.0,2019
523,XG Boost Classifier,0.626057529610829,0.28170801345092317,0.3885704283901458,0.5881911047439239,0.26800695336709246,5,0.05,150,1.0,1.0,2020
524,XG Boost Classifier,0.6089762833983788,0.276418886693466,0.3802427480200572,0.5419045482771455,0.25105517033463975,5,0.05,150,1.0,1.0,2021
525,XG Boost Classifier,0.5203915171288744,0.34598698481561824,0.41563517915309445,0.514298566422181,0.3465104009647272,5,0.05,150,1.0,1.0,2022
526,XG Boost Classifier,0.7225937772608316,0.14853556485355648,0.24641776984481137,0.5501461100722611,0.13017146750444755,5,0.05,150,1.0,1.0,2023
527,XG Boost Classifier,0.5516840882694541,0.06776034236804565,0.12069622665480881,0.5328387238368432,0.06481481481481481,5,0.05,150,1.0,1.0,2024
528,XG Boost Classifier,0.580848623853211,0.38301572897761643,0.46162960262486324,0.5502839350169557,0.34208151896747874,5,0.05,250,0.8,0.8,2019
529,XG Boost Classifier,0.6175239234449761,0.2620392107099803,0.3679451200498909,0.5718221898159025,0.25273977779457335,5,0.05,250,0.8,0.8,2020
530,XG Boost Classifier,0.61201248049922,0.2672889555086189,0.37207758334518903,0.5372591452554043,0.24155863732288213,5,0.05,250,0.8,0.8,2021
531,XG Boost Classifier,0.522724876094063,0.3584237165582068,0.42525629477115773,0.5033631067313636,0.357363581549593,5,0.05,250,0.8,0.8,2022
532,XG Boost Classifier,0.727899846704139,0.17029288702928871,0.2760124006975393,0.5505225760851669,0.14815095196638783,5,0.05,250,0.8,0.8,2023
533,XG Boost Classifier,0.5619257625872841,0.10905848787446505,0.18266531270533423,0.5334426245442891,0.10241644083107498,5,0.05,250,0.8,0.8,2024
534,XG Boost Classifier,0.5737008388713367,0.39821536600120994,0.4701156095165826,0.5475953318557242,0.3600878741516614,5,0.05,250,0.8,1.0,2019
535,XG Boost Classifier,0.6299388698374833,0.26806674703381767,0.3760904397365142,0.5773998406163566,0.2534577885269443,5,0.05,250,0.8,1.0,2020
536,XG Boost Classifier,0.6058703271028038,0.28268719765619676,0.38550522648083624,0.5452860946008171,0.25806451612903225,5,0.05,250,0.8,1.0,2021
537,XG Boost Classifier,0.5288441145281018,0.3605929139551699,0.428804815133276,0.5084962849122812,0.3553662948447392,5,0.05,250,0.8,1.0,2022
538,XG Boost Classifier,0.7096296296296296,0.1717872086072923,0.2766121270452358,0.5455920274142076,0.1532987622544381,5,0.05,250,0.8,1.0,2023
539,XG Boost Classifier,0.5363599839292889,0.09522111269614836,0.16172996547337817,0.5354726495052152,0.0936841312857573,5,0.05,250,0.8,1.0,2024
540,XG Boost Classifier,0.5930323736977708,0.40033272837265577,0.4779919642454065,0.5617153807467258,0.35020203208975714,5,0.05,250,1.0,0.8,2019
541,XG Boost Classifier,0.627661115133961,0.27498255186853626,0.3824230124415424,0.5787200412080127,0.26094021615902047,5,0.05,250,1.0,0.8,2020
542,XG Boost Classifier,0.5943452380952381,0.2721264563602916,0.37332336308828334,0.5318195055672864,0.2532408803135363,5,0.05,250,1.0,0.8,2021
543,XG Boost Classifier,0.5202362721505142,0.34389009399855386,0.41406930175866274,0.508305576734604,0.34451311425987335,5,0.05,250,1.0,0.8,2022
544,XG Boost Classifier,0.7096018735362998,0.1630005977286312,0.26510474894278907,0.5439514261124067,0.1454634921836557,5,0.05,250,1.0,0.8,2023
545,XG Boost Classifier,0.5159059474412172,0.10641940085592011,0.17644276253547775,0.5331528016581804,0.10885275519421861,5,0.05,250,1.0,0.8,2024
546,XG Boost Classifier,0.5758889852558543,0.4016938898971567,0.47327156094084105,0.5481661596231184,0.3618532030912871,5,0.05,250,1.0,1.0,2019
547,XG Boost Classifier,0.6312971859986273,0.2917962058245035,0.3991148138505597,0.5837353247282387,0.2753004308064394,5,0.05,250,1.0,1.0,2020
548,XG Boost Classifier,0.6138730019064379,0.28520814880425155,0.38946780796427244,0.5456403140250122,0.256971661139584,5,0.05,250,1.0,1.0,2021
549,XG Boost Classifier,0.5311579177125395,0.35191612436731745,0.4233462358108989,0.517150940355437,0.34530449201085317,5,0.05,250,1.0,1.0,2022
550,XG Boost Classifier,0.7187663355985363,0.1643753735803945,0.2675617824479471,0.552889279793447,0.14482001589764942,5,0.05,250,1.0,1.0,2023
551,XG Boost Classifier,0.5592507645259939,0.10435092724679029,0.17588362587160375,0.5344254638507674,0.0984643179765131,5,0.05,250,1.0,1.0,2024
552,XG Boost Classifier,0.574859075535513,0.38558681185722926,0.4615732778129809,0.5491753829186071,0.3479659487662312,5,0.05,350,0.8,0.8,2019
553,XG Boost Classifier,0.6251669387149429,0.26730537402449084,0.3744888888888889,0.5700715364644529,0.25466706976041115,5,0.05,350,0.8,0.8,2020
554,XG Boost Classifier,0.6033676333021516,0.26367786332356746,0.36698117680527237,0.5367173668084033,0.24170937594211636,5,0.05,350,0.8,0.8,2021
555,XG Boost Classifier,0.5267708333333333,0.36565437454808386,0.43166880068288516,0.5064043279693529,0.36177268616219477,5,0.05,350,0.8,0.8,2022
556,XG Boost Classifier,0.7253269916765755,0.18230723251643755,0.2913780749940291,0.5528424220391042,0.15916575192096596,5,0.05,350,0.8,0.8,2023
557,XG Boost Classifier,0.5567458988952126,0.11861626248216833,0.19556653142823544,0.5315798148234886,0.11242848539596507,5,0.05,350,0.8,0.8,2024
558,XG Boost Classifier,0.5724519700423315,0.3988203266787659,0.4701163257119936,0.5475125855936508,0.3614216782393786,5,0.05,350,0.8,1.0,2019
559,XG Boost Classifier,0.6332603938730853,0.2754266861239769,0.3838875132649452,0.5763987257063847,0.25905071423172854,5,0.05,350,0.8,1.0,2020
560,XG Boost Classifier,0.6044102412313157,0.27825849969339783,0.38107679387888405,0.5434532697029344,0.2546352125414531,5,0.05,350,0.8,1.0,2021
561,XG Boost Classifier,0.533476438720229,0.37736804049168476,0.4420446364290857,0.5131959622130116,0.3686689779921616,5,0.05,350,0.8,1.0,2022
562,XG Boost Classifier,0.712201898587636,0.18386132695756127,0.2922704166468716,0.5460322052904505,0.16348082819183163,5,0.05,350,0.8,1.0,2023
563,XG Boost Classifier,0.5456226880394575,0.1262482168330956,0.2050509731232623,0.5322258618204241,0.12210177657332129,5,0.05,350,0.8,1.0,2024
564,XG Boost Classifier,0.5836306868867083,0.3957955232909861,0.4717015140591204,0.55546085321993,0.35181044290141616,5,0.05,350,1.0,0.8,2019
565,XG Boost Classifier,0.6333928326239188,0.2926844743353848,0.4003645200486027,0.5786227469489361,0.27522485072934777,5,0.05,350,1.0,0.8,2020
566,XG Boost Classifier,0.5922017003811199,0.275260611841657,0.3758314340201869,0.5330244554432573,0.25708471510400965,5,0.05,350,1.0,0.8,2021
567,XG Boost Classifier,0.5296808510638298,0.36001446131597975,0.42866982350408955,0.5131182067467399,0.35423575520048234,5,0.05,350,1.0,0.8,2022
568,XG Boost Classifier,0.7066731850403324,0.17280334728033472,0.2777003986359925,0.5432006563725404,0.1548506756501003,5,0.05,350,1.0,0.8,2023
569,XG Boost Classifier,0.5280898876404494,0.1273894436519258,0.20526376278588665,0.5351067734421932,0.12729599518217405,5,0.05,350,1.0,0.8,2024
570,XG Boost Classifier,0.5726915520628684,0.3967785843920145,0.46877512731171267,0.5442132856752344,0.35942097210780277,5,0.05,350,1.0,1.0,2019
571,XG Boost Classifier,0.640696732379152,0.30105957743797984,0.40963439374973026,0.5836275210645969,0.279873025470486,5,0.05,350,1.0,1.0,2020
572,XG Boost Classifier,0.6075782053164929,0.2818695918784493,0.3850879642557945,0.5437876792448906,0.25659481459149835,5,0.05,350,1.0,1.0,2021
573,XG Boost Classifier,0.5333405382038258,0.35683297180043383,0.4275874019841442,0.5183800099451423,0.34869611094362374,5,0.05,350,1.0,1.0,2022
574,XG Boost Classifier,0.7237067908801177,0.17644949193066348,0.2837233889182565,0.5525496775171059,0.15439645709527233,5,0.05,350,1.0,1.0,2023
575,XG Boost Classifier,0.5518723143032536,0.1282453637660485,0.20812594050237293,0.5339714583019749,0.12262872628726287,5,0.05,350,1.0,1.0,2024
576,XG Boost Classifier,0.5787733333333334,0.4103145795523291,0.4801982388601266,0.552067257823766,0.3677768624220313,5,0.1,150,0.8,0.8,2019
577,XG Boost Classifier,0.6252331468158806,0.29776029439756363,0.40340396269394424,0.578292822795294,0.2836520293250699,5,0.1,150,0.8,0.8,2020
578,XG Boost Classifier,0.5978361669242659,0.2635415956939429,0.3658202109046201,0.5398369061817594,0.24381971661139584,5,0.1,150,0.8,0.8,2021
579,XG Boost Classifier,0.5250727919767065,0.352060737527115,0.42150370081807553,0.5045270486133993,0.349449804039795,5,0.1,150,0.8,0.8,2022
580,XG Boost Classifier,0.7085889570552147,0.17949790794979079,0.28643647462800453,0.5629079741589248,0.16041485294674288,5,0.1,150,0.8,0.8,2023
581,XG Boost Classifier,0.5427603725656224,0.13716119828815976,0.21898308944941067,0.5336284587298895,0.13335591689250226,5,0.1,150,0.8,0.8,2024
582,XG Boost Classifier,0.5720321081537811,0.40955837870538414,0.4773488454080733,0.5500602833920466,0.37142520889725783,5,0.1,150,0.8,1.0,2019
583,XG Boost Classifier,0.6238573355312453,0.2641329864856291,0.3711331015423019,0.5715011593755739,0.25217292721638573,5,0.1,150,0.8,1.0,2020
584,XG Boost Classifier,0.6039447731755424,0.3129386114328541,0.4122610178619513,0.5423569955309928,0.28659179981911365,5,0.1,150,0.8,1.0,2021
585,XG Boost Classifier,0.5409916543937162,0.39840925524222703,0.4588798667499479,0.5207773776806103,0.3838182092252035,5,0.1,150,0.8,1.0,2022
586,XG Boost Classifier,0.7141873278236914,0.1859533771667663,0.29507730247557623,0.5495543716825799,0.1648813354025512,5,0.1,150,0.8,1.0,2023
587,XG Boost Classifier,0.52996632996633,0.1122681883024251,0.18528546203649204,0.5288037019158841,0.11178861788617886,5,0.1,150,0.8,1.0,2024
588,XG Boost Classifier,0.570256853011008,0.3995765275257108,0.469897732325478,0.5481618382992927,0.3635008434349378,5,0.1,150,1.0,0.8,2019
589,XG Boost Classifier,0.6235103722230396,0.2688915677939217,0.37574253036616717,0.5725441014192583,0.2568588919960698,5,0.1,150,1.0,0.8,2020
590,XG Boost Classifier,0.5927075252133437,0.2602711725829529,0.3617081715746615,0.5333270272640915,0.2428776002411818,5,0.1,150,1.0,0.8,2021
591,XG Boost Classifier,0.5291878172588832,0.361822125813449,0.4297861375934038,0.5070352634853821,0.35634609586976185,5,0.1,150,1.0,0.8,2022
592,XG Boost Classifier,0.7068471752147878,0.16228332337118948,0.2639638325798454,0.5480257712405112,0.14538778909118438,5,0.1,150,1.0,0.8,2023
593,XG Boost Classifier,0.5546218487394958,0.150641940085592,0.2369306708548351,0.5304869131351587,0.1433303221921108,5,0.1,150,1.0,0.8,2024
594,XG Boost Classifier,0.5681457164036853,0.4057017543859649,0.4733753915383597,0.5424740453030577,0.37044447059746577,5,0.1,150,1.0,1.0,2019
595,XG Boost Classifier,0.621653601538234,0.2666708965167185,0.37323505905337007,0.5725435944775993,0.25549845060841964,5,0.1,150,1.0,1.0,2020
596,XG Boost Classifier,0.6098712446351932,0.29045445254479796,0.39350163843633174,0.5422662883323879,0.26341573711184807,5,0.1,150,1.0,1.0,2021
597,XG Boost Classifier,0.5446271929824561,0.3591467823571945,0.43285403050108934,0.5302252942370188,0.343684051854085,5,0.1,150,1.0,1.0,2022
598,XG Boost Classifier,0.710111846610363,0.1859533771667663,0.2947278669887736,0.5543208395567172,0.16582762405844279,5,0.1,150,1.0,1.0,2023
599,XG Boost Classifier,0.5519390581717452,0.11369472182596291,0.18854979891175772,0.5348836303118137,0.10870219813309244,5,0.1,150,1.0,1.0,2024
600,XG Boost Classifier,0.5685746817099679,0.41538112522686027,0.48005243609351106,0.5473096898850348,0.37899650857165273,5,0.1,250,0.8,0.8,2019
601,XG Boost Classifier,0.6333076725686425,0.3131780978364317,0.41910422415623005,0.5748652094009087,0.29453556042627166,5,0.1,250,0.8,0.8,2020
602,XG Boost Classifier,0.5910872405283786,0.27744089391565036,0.37763145692293426,0.5333039942542608,0.2596095869761833,5,0.1,250,0.8,0.8,2021
603,XG Boost Classifier,0.5283115815435208,0.3717281272595806,0.43639913416238696,0.5083107894551444,0.3667093759421164,5,0.1,250,0.8,0.8,2022
604,XG Boost Classifier,0.7062552831783601,0.19976090854751943,0.31143416270617835,0.5618733033689649,0.17911351678716075,5,0.1,250,0.8,0.8,2023
605,XG Boost Classifier,0.547233631311911,0.1615549215406562,0.24946307616058153,0.5315723484870878,0.15578891900030112,5,0.1,250,0.8,0.8,2024
606,XG Boost Classifier,0.5607839027457556,0.404643073200242,0.4700869718000527,0.5431149944092796,0.3743281942646424,5,0.1,250,0.8,1.0,2019
607,XG Boost Classifier,0.6301527817814933,0.27739356639807117,0.3852152077184017,0.5645212723718617,0.2621872874310332,5,0.1,250,0.8,1.0,2020
608,XG Boost Classifier,0.5984877611175189,0.3181849151734006,0.4154804270462634,0.5400442406148513,0.2940533614712089,5,0.1,250,0.8,1.0,2021
609,XG Boost Classifier,0.5383946682121125,0.40303687635574836,0.46098498945540256,0.5203417114727312,0.3901492312330419,5,0.1,250,0.8,1.0,2022
610,XG Boost Classifier,0.7119315811430955,0.2040047818290496,0.31713436164281733,0.5489832444122799,0.1814603126537719,5,0.1,250,0.8,1.0,2023
611,XG Boost Classifier,0.5301377726750861,0.13174037089871612,0.21103747714808044,0.5238197731552493,0.1311352002408913,5,0.1,250,0.8,1.0,2024
612,XG Boost Classifier,0.5705308775731311,0.39821536600120994,0.4690478311214038,0.5473918227780346,0.3620885802832372,5,0.1,250,1.0,0.8,2019
613,XG Boost Classifier,0.6314329310583993,0.28881416153797346,0.39634305616020893,0.5695991972795246,0.2724283878769556,5,0.1,250,1.0,0.8,2020
614,XG Boost Classifier,0.5824890367458038,0.26245145465694625,0.36186002818224516,0.5297990096127511,0.2492086222490202,5,0.1,250,1.0,0.8,2021
615,XG Boost Classifier,0.5359324104234527,0.3806941431670282,0.4451678363067557,0.5082186847805291,0.37021404883931264,5,0.1,250,1.0,0.8,2022
616,XG Boost Classifier,0.7098470363288719,0.17752540346682605,0.2840202735010041,0.5532985564134851,0.15837086945001702,5,0.1,250,1.0,0.8,2023
617,XG Boost Classifier,0.5504567203131796,0.180527817403709,0.27188742077559347,0.5303990081794895,0.17306534176452876,5,0.1,250,1.0,0.8,2024
618,XG Boost Classifier,0.5677072120559742,0.3988203266787659,0.4685084836101981,0.5408597688623134,0.36444235220273824,5,0.1,250,1.0,1.0,2019
619,XG Boost Classifier,0.6331705994033089,0.29623754837891,0.40363086232980333,0.5717673837898948,0.2786637442370191,5,0.1,250,1.0,1.0,2020
620,XG Boost Classifier,0.6049518569463549,0.2996525175444573,0.40078370620130316,0.5403732581688488,0.2739674404582454,5,0.1,250,1.0,1.0,2021
621,XG Boost Classifier,0.5469532554257095,0.37903109182935646,0.44776629367045356,0.5323760820805448,0.3611697316852578,5,0.1,250,1.0,1.0,2022
622,XG Boost Classifier,0.7161709258483452,0.20436341900777047,0.3179873511904762,0.5576176439325177,0.18070328172905864,5,0.1,250,1.0,1.0,2023
623,XG Boost Classifier,0.547065044949762,0.14757489300998575,0.2324457926075722,0.528043096250768,0.14235170129479072,5,0.1,250,1.0,1.0,2024
624,XG Boost Classifier,0.5682533025791571,0.40986085904416214,0.47623231701959406,0.5459009999629636,0.37417127613667567,5,0.1,350,0.8,0.8,2019
625,XG Boost Classifier,0.6319525100012905,0.3107036355561195,0.41658868566567414,0.5694446334358524,0.29283500869170886,5,0.1,350,0.8,0.8,2020
626,XG Boost Classifier,0.5858956276445698,0.2830278667302582,0.38167868792208387,0.53091458807829,0.26718420259270426,5,0.1,350,0.8,0.8,2021
627,XG Boost Classifier,0.5277975404004472,0.3754880694143167,0.4388018082724239,0.5070118090883213,0.37077931866144104,5,0.1,350,0.8,0.8,2022
628,XG Boost Classifier,0.7054655870445344,0.20830842797369994,0.32164282418089524,0.5634491317141832,0.1869866384041788,5,0.1,350,0.8,0.8,2023
629,XG Boost Classifier,0.5509322419281492,0.17282453637660486,0.26311217287436206,0.5307017117038049,0.1655374887082204,5,0.1,350,0.8,0.8,2024
630,XG Boost Classifier,0.5606372045220966,0.41250756200846944,0.4752984229328221,0.544367380014283,0.38170334627907887,5,0.1,350,0.8,1.0,2019
631,XG Boost Classifier,0.6397000789265983,0.3085464120296936,0.41629927663399396,0.5651290628105519,0.2872798730254705,5,0.1,350,0.8,1.0,2020
632,XG Boost Classifier,0.5946904980943619,0.3083055120256183,0.40608453737772593,0.5343598845334362,0.2867425384383479,5,0.1,350,0.8,1.0,2021
633,XG Boost Classifier,0.5349813878018517,0.40527838033261027,0.461184021063891,0.5189174266369336,0.3948221284293036,5,0.1,350,0.8,1.0,2022
634,XG Boost Classifier,0.7143981117230527,0.21709503885236103,0.33299715778857614,0.5516978849141967,0.1924372610621144,5,0.1,350,0.8,1.0,2023
635,XG Boost Classifier,0.5289800050620096,0.14907275320970043,0.23259696177174335,0.523049393325351,0.14871273712737126,5,0.1,350,0.8,1.0,2024
636,XG Boost Classifier,0.5651893980040776,0.3982909860859044,0.4672847447101095,0.545588391328828,0.36558000863049706,5,0.1,350,1.0,0.8,2019
637,XG Boost Classifier,0.6336807905780425,0.2969989213882368,0.4044409884223259,0.5666425089696508,0.27915501473811505,5,0.1,350,1.0,0.8,2020
638,XG Boost Classifier,0.5832090665076052,0.26647134973087144,0.3658046111396905,0.5261875037642654,0.2527132951462165,5,0.1,350,1.0,0.8,2021
639,XG Boost Classifier,0.5322548826198461,0.39016630513376716,0.4502670226969292,0.5081702907024983,0.3820470304492011,5,0.1,350,1.0,0.8,2022
640,XG Boost Classifier,0.7058554437328454,0.1844590555887627,0.29248412472751395,0.5514205293288332,0.1654869601423218,5,0.1,350,1.0,0.8,2023
641,XG Boost Classifier,0.5485008818342152,0.1774607703281027,0.2681612416469067,0.5285054463612936,0.17073170731707318,5,0.1,350,1.0,0.8,2024
642,XG Boost Classifier,0.563259163710631,0.39624924379915305,0.46521951436054515,0.538625478002526,0.3649523361186301,5,0.1,350,1.0,1.0,2019
643,XG Boost Classifier,0.63671875,0.2999175179239896,0.40776364028466683,0.568899795664565,0.2805532461643111,5,0.1,350,1.0,1.0,2020
644,XG Boost Classifier,0.5942107398890842,0.2993118484703959,0.3980969642048029,0.535611638703392,0.2786026529996985,5,0.1,350,1.0,1.0,2021
645,XG Boost Classifier,0.5476894828113843,0.38821402747650036,0.4543646595861719,0.5285740796446792,0.3694226710883328,5,0.1,350,1.0,1.0,2022
646,XG Boost Classifier,0.714546932141406,0.21022115959354454,0.32486606318123035,0.5568573305225878,0.18630531057193686,5,0.1,350,1.0,1.0,2023
647,XG Boost Classifier,0.5405672009864365,0.15634807417974322,0.24254495159059472,0.5261666953534662,0.1526272207166516,5,0.1,350,1.0,1.0,2024
